Real Value,Prediction,Difference
1118000,1074351.0,43649.0
442500,407153.0,35347.0
241000,241107.0,107.0
925000,907943.0,17057.0
625000,629372.0,4372.0
343000,346579.0,3579.0
340000,355897.0,15897.0
356000,327578.0,28422.0
450000,429063.0,20937.0
402000,380280.0,21720.0
530000,566986.0,36986.0
885000,795734.0,89266.0
435000,496063.0,61063.0
455000,422097.0,32903.0
315000,354490.0,39490.0
818000,775417.0,42583.0
210000,267352.0,57352.0
522000,569970.0,47970.0
533500,536250.0,2750.0
635000,697766.0,62766.0
619500,549045.0,70455.0
760000,788141.0,28141.0
564950,539228.0,25722.0
249900,316258.0,66358.0
420000,434865.0,14865.0
1129912,1083206.0,46706.0
399700,384717.0,14983.0
410000,485347.0,75347.0
830000,767875.0,62125.0
485000,475771.0,9229.0
360000,315975.0,44025.0
1129912,950137.0,179775.0
344950,262482.0,82468.0
323000,258983.0,64017.0
440500,422564.0,17936.0
245000,234235.0,10765.0
285000,329781.0,44781.0
882990,926266.0,43276.0
219950,231270.0,11320.0
340000,293786.0,46214.0
202500,203879.0,1379.0
1129912,1218502.0,88590.0
498000,607122.0,109122.0
245000,246330.0,1330.0
457000,401589.0,55411.0
240000,387350.0,147350.0
496500,427021.0,69479.0
602500,711273.0,108773.0
1129912,1107709.0,22203.0
1050000,917070.0,132930.0
386000,453076.0,67076.0
350000,256986.0,93014.0
345000,366386.0,21386.0
204995,226783.0,21788.0
255500,373816.0,118316.0
435000,376364.0,58636.0
549000,680027.0,131027.0
408000,349384.0,58616.0
447000,401402.0,45598.0
380000,370835.0,9165.0
330000,389058.0,59058.0
810000,865419.0,55419.0
229000,221106.0,7894.0
658000,735274.0,77274.0
910000,726562.0,183438.0
697000,652755.0,44245.0
430000,675440.0,245440.0
499000,495374.0,3626.0
457000,458620.0,1620.0
477000,381609.0,95391.0
489000,500935.0,11935.0
357500,381885.0,24385.0
560000,481171.0,78829.0
140000,210496.0,70496.0
360000,321279.0,38721.0
493000,702399.0,209399.0
518380,450865.0,67515.0
376000,379311.0,3311.0
515000,529781.0,14781.0
292000,283371.0,8629.0
445830,458949.0,13119.0
192950,156680.0,36270.0
476800,439983.0,36817.0
678000,822568.0,144568.0
525000,667310.0,142310.0
305000,383303.0,78303.0
526000,545782.0,19782.0
407000,426447.0,19447.0
635000,470193.0,164807.0
299500,348227.0,48727.0
375000,437609.0,62609.0
777000,703233.0,73767.0
500000,626278.0,126278.0
1129912,907828.0,222084.0
469000,489696.0,20696.0
350000,340866.0,9134.0
495000,490546.0,4454.0
665000,804721.0,139721.0
980000,939887.0,40113.0
562200,460270.0,101930.0
367000,475827.0,108827.0
1129912,1000349.0,129563.0
276000,283407.0,7407.0
320000,430993.0,110993.0
205000,224035.0,19035.0
628000,536327.0,91673.0
750000,597265.0,152735.0
710000,701106.0,8894.0
335000,387454.0,52454.0
340000,370404.0,30404.0
980000,872522.0,107478.0
250000,198592.0,51408.0
1129912,1074483.0,55429.0
407000,350318.0,56682.0
334998,232747.0,102251.0
440000,460844.0,20844.0
534000,575999.0,41999.0
102500,189862.0,87362.0
560000,487933.0,72067.0
530000,571790.0,41790.0
315000,376862.0,61862.0
189000,175703.0,13297.0
365000,356482.0,8518.0
425000,444270.0,19270.0
699000,624174.0,74826.0
635000,653070.0,18070.0
468000,501846.0,33846.0
318200,311733.0,6467.0
616950,639555.0,22605.0
200000,218285.0,18285.0
290000,318802.0,28802.0
576750,601843.0,25093.0
600600,480191.0,120409.0
340000,296416.0,43584.0
405000,378031.0,26969.0
268950,233819.0,35131.0
660000,594312.0,65688.0
385000,438628.0,53628.0
549000,540185.0,8815.0
245000,276270.0,31270.0
1129912,1064477.0,65435.0
499000,450515.0,48485.0
515000,576423.0,61423.0
550000,496762.0,53238.0
460000,425386.0,34614.0
555000,606910.0,51910.0
610000,608021.0,1979.0
1129912,1068061.0,61851.0
923990,885506.0,38484.0
719000,632195.0,86805.0
375000,391941.0,16941.0
285000,423149.0,138149.0
830000,727208.0,102792.0
1042500,854956.0,187544.0
294950,300829.0,5879.0
450000,500698.0,50698.0
519000,472578.0,46422.0
318000,359104.0,41104.0
274975,645895.0,370920.0
123300,209321.0,86021.0
590000,537260.0,52740.0
340000,333408.0,6592.0
1129912,988143.0,141769.0
365000,370091.0,5091.0
240000,220183.0,19817.0
615000,518392.0,96608.0
405000,456305.0,51305.0
410000,355369.0,54631.0
567500,534845.0,32655.0
145600,193513.0,47913.0
260000,262764.0,2764.0
230000,232425.0,2425.0
235000,296308.0,61308.0
720500,713882.0,6618.0
435500,523266.0,87766.0
250000,329146.0,79146.0
826000,761488.0,64512.0
590000,627304.0,37304.0
650000,744286.0,94286.0
530000,447625.0,82375.0
375000,392034.0,17034.0
355000,270084.0,84916.0
375000,393466.0,18466.0
549000,527582.0,21418.0
701000,764322.0,63322.0
625000,575553.0,49447.0
414000,459852.0,45852.0
236000,229486.0,6514.0
1005000,879513.0,125487.0
240000,274777.0,34777.0
600000,591243.0,8757.0
464000,423793.0,40207.0
235000,195748.0,39252.0
295000,350011.0,55011.0
869000,782271.0,86729.0
899000,864794.0,34206.0
1003000,971919.0,31081.0
410000,463511.0,53511.0
252500,227457.0,25043.0
379950,400067.0,20117.0
353000,315568.0,37432.0
552900,538611.0,14289.0
260000,248835.0,11165.0
1078000,679889.0,398111.0
257500,358763.0,101263.0
317000,288990.0,28010.0
314950,300904.0,14046.0
430000,468541.0,38541.0
360000,391941.0,31941.0
714000,565192.0,148808.0
303500,317594.0,14094.0
255500,189187.0,66313.0
380000,440535.0,60535.0
365000,377537.0,12537.0
528000,488621.0,39379.0
555000,444459.0,110541.0
725000,829703.0,104703.0
201000,254775.0,53775.0
925000,762472.0,162528.0
303000,334307.0,31307.0
1129912,1183316.0,53404.0
447500,561645.0,114145.0
885000,793183.0,91817.0
756000,787828.0,31828.0
310000,340719.0,30719.0
650000,740331.0,90331.0
550000,597693.0,47693.0
450000,441583.0,8417.0
1129912,1069393.0,60519.0
190000,356999.0,166999.0
440000,637382.0,197382.0
415000,409336.0,5664.0
765000,863492.0,98492.0
415000,434979.0,19979.0
237500,284089.0,46589.0
490000,481053.0,8947.0
265000,235868.0,29132.0
334000,269414.0,64586.0
549000,545787.0,3213.0
753888,750775.0,3113.0
230000,175701.0,54299.0
340000,307364.0,32636.0
285000,301448.0,16448.0
515000,437322.0,77678.0
250000,393285.0,143285.0
310000,316108.0,6108.0
340000,426645.0,86645.0
335000,432403.0,97403.0
1129912,1128858.0,1054.0
392500,524269.0,131769.0
635000,695151.0,60151.0
470000,562836.0,92836.0
400000,440595.0,40595.0
650000,569184.0,80816.0
240000,237321.0,2679.0
360000,320000.0,40000.0
250000,305289.0,55289.0
199000,241219.0,42219.0
475000,366198.0,108802.0
465000,442887.0,22113.0
530000,541980.0,11980.0
491500,477994.0,13506.0
595000,395628.0,199372.0
745000,685529.0,59471.0
471275,426570.0,44705.0
470000,494446.0,24446.0
850000,602652.0,247348.0
194000,200059.0,6059.0
852000,817856.0,34144.0
243000,265777.0,22777.0
268000,253047.0,14953.0
535000,509482.0,25518.0
355000,405506.0,50506.0
210000,329892.0,119892.0
307550,323218.0,15668.0
458000,542944.0,84944.0
599832,598945.0,887.0
290000,238036.0,51964.0
751000,743722.0,7278.0
350000,364876.0,14876.0
550000,688644.0,138644.0
344950,362408.0,17458.0
999950,905886.0,94064.0
432500,511953.0,79453.0
650000,739973.0,89973.0
1129912,1041622.0,88290.0
570000,483244.0,86756.0
1129912,1106393.0,23519.0
735000,726131.0,8869.0
515000,589933.0,74933.0
229950,232908.0,2958.0
1129912,1066440.0,63472.0
915557,853224.0,62333.0
859900,795256.0,64644.0
320000,370769.0,50769.0
1000000,848470.0,151530.0
328000,355313.0,27313.0
284950,314560.0,29610.0
336000,406323.0,70323.0
276000,293030.0,17030.0
810000,920473.0,110473.0
588000,566290.0,21710.0
1129912,997676.0,132236.0
265000,325792.0,60792.0
245000,212186.0,32814.0
263000,233738.0,29262.0
518000,478563.0,39437.0
510000,478184.0,31816.0
83000,185004.0,102004.0
560000,558895.0,1105.0
820000,804314.0,15686.0
490000,484783.0,5217.0
300000,322900.0,22900.0
550000,468614.0,81386.0
970000,1076186.0,106186.0
850000,933828.0,83828.0
272000,391830.0,119830.0
885000,833291.0,51709.0
1125000,1083319.0,41681.0
775000,767877.0,7123.0
391265,470124.0,78859.0
537000,472971.0,64029.0
485000,469180.0,15820.0
426950,401920.0,25030.0
359000,357885.0,1115.0
245000,417933.0,172933.0
219000,285499.0,66499.0
385000,431380.0,46380.0
615000,694643.0,79643.0
1129912,1269651.0,139739.0
496000,409901.0,86099.0
750000,740262.0,9738.0
400000,394725.0,5275.0
306000,337920.0,31920.0
570000,442984.0,127016.0
600000,631634.0,31634.0
550000,446455.0,103545.0
489000,398880.0,90120.0
950000,617453.0,332547.0
675000,659285.0,15715.0
334900,339875.0,4975.0
1129912,848985.0,280927.0
280000,194771.0,85229.0
345000,310173.0,34827.0
825000,770794.0,54206.0
208000,233182.0,25182.0
480500,509193.0,28693.0
675000,558184.0,116816.0
397500,550306.0,152806.0
380000,356237.0,23763.0
420000,448669.0,28669.0
480000,512111.0,32111.0
150000,183387.0,33387.0
380000,498715.0,118715.0
280000,496506.0,216506.0
400000,369758.0,30242.0
594950,613352.0,18402.0
695000,791706.0,96706.0
223000,224924.0,1924.0
287000,324886.0,37886.0
365000,370669.0,5669.0
520000,673918.0,153918.0
665000,694713.0,29713.0
615000,489555.0,125445.0
230000,251831.0,21831.0
207950,243768.0,35818.0
827000,775046.0,51954.0
168000,214630.0,46630.0
620000,567279.0,52721.0
254600,268926.0,14326.0
679975,602853.0,77122.0
539950,494627.0,45323.0
675000,670070.0,4930.0
419000,396443.0,22557.0
381500,348988.0,32512.0
637000,656395.0,19395.0
493000,541059.0,48059.0
329780,377707.0,47927.0
339900,288490.0,51410.0
162950,189487.0,26537.0
269950,319596.0,49646.0
405000,377619.0,27381.0
245000,280664.0,35664.0
361000,353708.0,7292.0
610000,465002.0,144998.0
150000,193819.0,43819.0
285500,265839.0,19661.0
315000,291674.0,23326.0
998000,890944.0,107056.0
770000,901139.0,131139.0
510000,608488.0,98488.0
370000,207698.0,162302.0
158000,188307.0,30307.0
381000,396380.0,15380.0
427500,511776.0,84276.0
660000,619581.0,40419.0
482000,460318.0,21682.0
898000,860612.0,37388.0
1129912,1207056.0,77144.0
1129912,960667.0,169245.0
350000,377081.0,27081.0
488500,403271.0,85229.0
425000,507267.0,82267.0
528000,414430.0,113570.0
615000,418271.0,196729.0
385000,410630.0,25630.0
525000,521629.0,3371.0
510000,526818.0,16818.0
205950,227379.0,21429.0
675000,643827.0,31173.0
945000,846891.0,98109.0
550000,436651.0,113349.0
480000,507752.0,27752.0
400000,464117.0,64117.0
436000,444445.0,8445.0
290000,273329.0,16671.0
413000,446903.0,33903.0
519995,546097.0,26102.0
169000,273673.0,104673.0
1042000,911527.0,130473.0
575000,722245.0,147245.0
242000,302309.0,60309.0
245100,225604.0,19496.0
1129912,1072674.0,57238.0
400000,476625.0,76625.0
275000,248143.0,26857.0
325000,336191.0,11191.0
395000,399507.0,4507.0
625000,698763.0,73763.0
760000,841394.0,81394.0
523000,596642.0,73642.0
225800,236681.0,10881.0
374950,344423.0,30527.0
361500,422410.0,60910.0
268450,281897.0,13447.0
695000,575722.0,119278.0
525000,400902.0,124098.0
305000,243462.0,61538.0
1129912,929738.0,200174.0
357500,295568.0,61932.0
855000,890380.0,35380.0
465000,484244.0,19244.0
289950,278578.0,11372.0
360000,360206.0,206.0
550500,542722.0,7778.0
528000,437206.0,90794.0
317000,349426.0,32426.0
190000,207275.0,17275.0
1129912,1067959.0,61953.0
498000,590632.0,92632.0
825000,949123.0,124123.0
251000,272313.0,21313.0
500000,521761.0,21761.0
479200,523688.0,44488.0
555000,531598.0,23402.0
710000,698148.0,11852.0
220000,231972.0,11972.0
675000,733233.0,58233.0
858000,759146.0,98854.0
238000,231882.0,6118.0
235245,283098.0,47853.0
1129912,1155344.0,25432.0
501000,445991.0,55009.0
132500,220393.0,87893.0
302000,318497.0,16497.0
562000,665336.0,103336.0
332000,343495.0,11495.0
452000,369094.0,82906.0
325000,325853.0,853.0
225205,206351.0,18854.0
279900,321092.0,41192.0
738515,734490.0,4025.0
660000,796320.0,136320.0
760000,778920.0,18920.0
380000,298762.0,81238.0
582500,506158.0,76342.0
995000,978552.0,16448.0
150000,194164.0,44164.0
250000,245439.0,4561.0
755000,703378.0,51622.0
915000,878697.0,36303.0
550000,681420.0,131420.0
248500,236463.0,12037.0
432000,510815.0,78815.0
545000,597283.0,52283.0
245000,237729.0,7271.0
660000,755257.0,95257.0
799990,818823.0,18833.0
220000,212524.0,7476.0
360000,372610.0,12610.0
285000,263204.0,21796.0
245000,217642.0,27358.0
320000,483520.0,163520.0
530000,510623.0,19377.0
295000,396728.0,101728.0
353000,340952.0,12048.0
450000,555845.0,105845.0
346500,294586.0,51914.0
395000,478995.0,83995.0
675000,534316.0,140684.0
475000,462961.0,12039.0
490000,528222.0,38222.0
433000,382073.0,50927.0
349000,333044.0,15956.0
437500,456974.0,19474.0
575000,474782.0,100218.0
562000,562711.0,711.0
215000,186815.0,28185.0
370000,300123.0,69877.0
585000,556278.0,28722.0
439000,492497.0,53497.0
1129912,940124.0,189788.0
495000,496804.0,1804.0
148226,198663.0,50437.0
170000,237765.0,67765.0
300000,401493.0,101493.0
370000,409007.0,39007.0
472000,609829.0,137829.0
275000,327784.0,52784.0
1129912,966806.0,163106.0
431000,435074.0,4074.0
400000,292630.0,107370.0
690000,797972.0,107972.0
785000,924077.0,139077.0
476000,456407.0,19593.0
480680,510460.0,29780.0
411100,512677.0,101577.0
276900,272525.0,4375.0
530000,719427.0,189427.0
785000,764179.0,20821.0
285000,286185.0,1185.0
379000,431507.0,52507.0
460000,394511.0,65489.0
480000,479883.0,117.0
807500,932213.0,124713.0
550000,535302.0,14698.0
949950,730728.0,219222.0
1129912,1070162.0,59750.0
272500,295262.0,22762.0
545000,629647.0,84647.0
227000,307557.0,80557.0
615000,557300.0,57700.0
300000,372159.0,72159.0
583500,513681.0,69819.0
1129912,1176189.0,46277.0
400000,341878.0,58122.0
435000,471253.0,36253.0
449500,374139.0,75361.0
434000,379482.0,54518.0
440000,447937.0,7937.0
550000,574527.0,24527.0
1129912,1086555.0,43357.0
435000,649132.0,214132.0
935000,676474.0,258526.0
589000,569178.0,19822.0
370000,387880.0,17880.0
770000,678023.0,91977.0
499000,483332.0,15668.0
370000,354851.0,15149.0
1008000,952750.0,55250.0
599000,615265.0,16265.0
569950,585485.0,15535.0
440000,339112.0,100888.0
480000,516923.0,36923.0
495000,500220.0,5220.0
435000,447002.0,12002.0
352500,331420.0,21080.0
465000,499847.0,34847.0
479500,348020.0,131480.0
495000,589610.0,94610.0
965800,926083.0,39717.0
445000,493272.0,48272.0
840500,732631.0,107869.0
655000,614824.0,40176.0
665000,512865.0,152135.0
550000,656525.0,106525.0
650000,718175.0,68175.0
387990,374674.0,13316.0
594866,631164.0,36298.0
940000,841689.0,98311.0
275000,265683.0,9317.0
227490,222854.0,4636.0
378750,422312.0,43562.0
760000,759411.0,589.0
795000,702532.0,92468.0
565000,541399.0,23601.0
494950,531145.0,36195.0
350000,406871.0,56871.0
467000,573520.0,106520.0
738000,687051.0,50949.0
850000,833392.0,16608.0
247000,260209.0,13209.0
560000,456295.0,103705.0
528000,545223.0,17223.0
1129912,916091.0,213821.0
254000,271190.0,17190.0
495000,522740.0,27740.0
279950,273673.0,6277.0
285000,258132.0,26868.0
345000,318975.0,26025.0
590000,613508.0,23508.0
235000,286185.0,51185.0
1080000,839732.0,240268.0
197500,262129.0,64629.0
250000,227547.0,22453.0
292000,312176.0,20176.0
1129912,1080733.0,49179.0
378000,381123.0,3123.0
319900,345416.0,25516.0
744000,692886.0,51114.0
690000,573403.0,116597.0
400000,401182.0,1182.0
498000,462236.0,35764.0
579000,576505.0,2495.0
710500,759566.0,49066.0
480000,597583.0,117583.0
619000,533265.0,85735.0
215000,258124.0,43124.0
595000,707352.0,112352.0
800000,753100.0,46900.0
515000,481298.0,33702.0
378500,412026.0,33526.0
417000,399573.0,17427.0
891500,873239.0,18261.0
115000,203900.0,88900.0
370000,308629.0,61371.0
435000,434374.0,626.0
540000,433827.0,106173.0
610950,620879.0,9929.0
294000,304571.0,10571.0
330000,315111.0,14889.0
616950,609165.0,7785.0
310000,340895.0,30895.0
802945,755277.0,47668.0
870000,774643.0,95357.0
489950,298492.0,191458.0
200000,276888.0,76888.0
677000,636454.0,40546.0
1129912,1182227.0,52315.0
670000,701219.0,31219.0
524250,492274.0,31976.0
772000,700692.0,71308.0
614306,576157.0,38149.0
370000,403545.0,33545.0
815000,782180.0,32820.0
417000,352538.0,64462.0
316000,366936.0,50936.0
490000,497117.0,7117.0
360000,323732.0,36268.0
800000,775624.0,24376.0
475000,474183.0,817.0
370000,413066.0,43066.0
190000,221516.0,31516.0
270000,295142.0,25142.0
525000,632893.0,107893.0
350000,319684.0,30316.0
400000,506542.0,106542.0
749700,475449.0,274251.0
177000,234674.0,57674.0
1054690,1059616.0,4926.0
650000,634721.0,15279.0
675000,636929.0,38071.0
1011000,886953.0,124047.0
438000,466072.0,28072.0
240000,251450.0,11450.0
605000,534126.0,70874.0
473000,439768.0,33232.0
230000,214073.0,15927.0
1093000,858565.0,234435.0
481000,450397.0,30603.0
264000,251603.0,12397.0
490000,383778.0,106222.0
690000,791420.0,101420.0
733000,670544.0,62456.0
250000,277434.0,27434.0
285000,318315.0,33315.0
1015000,869865.0,145135.0
475000,385427.0,89573.0
272000,270732.0,1268.0
439000,560255.0,121255.0
459500,345119.0,114381.0
236000,243570.0,7570.0
455000,293918.0,161082.0
542000,504124.0,37876.0
675000,676201.0,1201.0
244000,256074.0,12074.0
499000,508419.0,9419.0
269950,250300.0,19650.0
176000,193907.0,17907.0
477500,647663.0,170163.0
510000,434965.0,75035.0
435000,362728.0,72272.0
729032,789788.0,60756.0
278226,364364.0,86138.0
969000,888964.0,80036.0
330000,299450.0,30550.0
560000,589587.0,29587.0
599000,566712.0,32288.0
1129912,1193878.0,63966.0
850000,880998.0,30998.0
830000,675602.0,154398.0
367000,413932.0,46932.0
315000,292288.0,22712.0
415250,349888.0,65362.0
242000,240162.0,1838.0
337000,398898.0,61898.0
508000,607547.0,99547.0
450000,434152.0,15848.0
225000,230147.0,5147.0
570000,390394.0,179606.0
575000,677558.0,102558.0
610000,755269.0,145269.0
1129912,996365.0,133547.0
340000,373707.0,33707.0
535000,559550.0,24550.0
335000,455222.0,120222.0
226450,212200.0,14250.0
313000,408503.0,95503.0
674000,640141.0,33859.0
275000,294061.0,19061.0
1129912,1129272.0,640.0
250000,251587.0,1587.0
561750,599769.0,38019.0
438000,560619.0,122619.0
305000,287586.0,17414.0
517500,489713.0,27787.0
450000,462772.0,12772.0
311600,326105.0,14505.0
449000,515989.0,66989.0
650000,788143.0,138143.0
1100000,969272.0,130728.0
235000,240530.0,5530.0
770000,618929.0,151071.0
300000,240554.0,59446.0
799000,806307.0,7307.0
273000,259114.0,13886.0
390000,412570.0,22570.0
817500,721161.0,96339.0
470000,350235.0,119765.0
229000,262868.0,33868.0
345000,400228.0,55228.0
635700,623311.0,12389.0
495000,474440.0,20560.0
227000,250267.0,23267.0
337500,354225.0,16725.0
455000,527892.0,72892.0
1129912,1026224.0,103688.0
600000,577664.0,22336.0
415000,228905.0,186095.0
745000,613041.0,131959.0
410000,502986.0,92986.0
465000,341120.0,123880.0
229500,274054.0,44554.0
365000,399389.0,34389.0
255900,271301.0,15401.0
679950,568371.0,111579.0
750000,844760.0,94760.0
889950,906168.0,16218.0
305000,281821.0,23179.0
222900,191284.0,31616.0
310000,337017.0,27017.0
327500,312912.0,14588.0
472500,481894.0,9394.0
280000,319677.0,39677.0
879000,1031932.0,152932.0
429000,447831.0,18831.0
405000,398578.0,6422.0
570000,663445.0,93445.0
497950,434625.0,63325.0
329932,339550.0,9618.0
415000,581803.0,166803.0
251000,283113.0,32113.0
330000,419185.0,89185.0
330000,348608.0,18608.0
406000,348849.0,57151.0
255000,302417.0,47417.0
212000,201746.0,10254.0
1015000,1121585.0,106585.0
689000,617864.0,71136.0
1129912,1086620.0,43292.0
290000,288464.0,1536.0
500000,464931.0,35069.0
695000,554163.0,140837.0
395000,387262.0,7738.0
289000,234983.0,54017.0
357000,303230.0,53770.0
802000,737903.0,64097.0
988500,876832.0,111668.0
1129912,1023981.0,105931.0
400000,372080.0,27920.0
700000,553668.0,146332.0
695000,874409.0,179409.0
480000,624188.0,144188.0
255000,268888.0,13888.0
251000,246351.0,4649.0
1129912,1054086.0,75826.0
452100,512466.0,60366.0
325000,399446.0,74446.0
500000,526602.0,26602.0
662500,564686.0,97814.0
765000,825927.0,60927.0
402000,437681.0,35681.0
449500,503831.0,54331.0
723000,872796.0,149796.0
330000,320725.0,9275.0
565500,518196.0,47304.0
910000,909349.0,651.0
402500,499856.0,97356.0
702000,767424.0,65424.0
580000,580556.0,556.0
540000,537814.0,2186.0
354901,385103.0,30202.0
245000,204882.0,40118.0
450000,448142.0,1858.0
470000,445795.0,24205.0
426000,546111.0,120111.0
1129912,1224895.0,94983.0
879950,936329.0,56379.0
154200,233856.0,79656.0
575000,603208.0,28208.0
489000,526215.0,37215.0
350000,317385.0,32615.0
265000,233959.0,31041.0
411753,437392.0,25639.0
300000,305709.0,5709.0
620000,645020.0,25020.0
160000,215964.0,55964.0
315000,322572.0,7572.0
700000,656675.0,43325.0
262500,454763.0,192263.0
272000,251708.0,20292.0
423000,468084.0,45084.0
625000,610937.0,14063.0
545400,550706.0,5306.0
1045000,1031674.0,13326.0
387500,377191.0,10309.0
442000,559163.0,117163.0
525000,496438.0,28562.0
899000,849073.0,49927.0
856000,835388.0,20612.0
295500,285927.0,9573.0
870000,976420.0,106420.0
370000,347648.0,22352.0
378000,387804.0,9804.0
380000,400600.0,20600.0
386000,324476.0,61524.0
333760,378619.0,44859.0
565000,547788.0,17212.0
325000,338159.0,13159.0
578000,545718.0,32282.0
600000,662759.0,62759.0
489950,430095.0,59855.0
925000,761809.0,163191.0
760000,814143.0,54143.0
280000,269102.0,10898.0
284000,263692.0,20308.0
435000,358130.0,76870.0
576250,617914.0,41664.0
1129912,1085449.0,44463.0
250000,258759.0,8759.0
520000,502438.0,17562.0
1129912,1046058.0,83854.0
320000,272109.0,47891.0
588500,465497.0,123003.0
615000,599383.0,15617.0
735000,602339.0,132661.0
1129912,911106.0,218806.0
381000,335000.0,46000.0
322400,392095.0,69695.0
942990,885261.0,57729.0
745000,618801.0,126199.0
640000,424399.0,215601.0
500000,530219.0,30219.0
820875,786909.0,33966.0
327200,229834.0,97366.0
270000,237757.0,32243.0
513000,449257.0,63743.0
577000,485904.0,91096.0
415000,402061.0,12939.0
809000,685263.0,123737.0
180000,196981.0,16981.0
536500,657675.0,121175.0
229000,243743.0,14743.0
551000,619513.0,68513.0
622000,692350.0,70350.0
749400,848009.0,98609.0
636000,560814.0,75186.0
275000,325447.0,50447.0
355000,374650.0,19650.0
580000,599855.0,19855.0
245000,239990.0,5010.0
491150,477229.0,13921.0
250000,314914.0,64914.0
642860,654604.0,11744.0
335000,354192.0,19192.0
517500,558375.0,40875.0
533112,537457.0,4345.0
335000,345014.0,10014.0
769950,714695.0,55255.0
397000,392474.0,4526.0
250000,296990.0,46990.0
689500,579832.0,109668.0
325000,342062.0,17062.0
273000,286921.0,13921.0
1129912,908637.0,221275.0
180500,262260.0,81760.0
440000,511072.0,71072.0
465000,460598.0,4402.0
620000,759120.0,139120.0
1129912,1102724.0,27188.0
247500,245440.0,2060.0
1129912,1112574.0,17338.0
1129912,1003638.0,126274.0
280000,300072.0,20072.0
585000,590451.0,5451.0
1129912,1266076.0,136164.0
198000,213847.0,15847.0
637800,652125.0,14325.0
319900,322637.0,2737.0
435000,387098.0,47902.0
242150,236237.0,5913.0
452000,363919.0,88081.0
340000,497476.0,157476.0
480000,368231.0,111769.0
389000,408896.0,19896.0
637000,705332.0,68332.0
740000,723324.0,16676.0
230000,363924.0,133924.0
747000,670483.0,76517.0
400000,432970.0,32970.0
370000,320348.0,49652.0
725000,545205.0,179795.0
470000,629839.0,159839.0
450000,506252.0,56252.0
562100,506600.0,55500.0
875000,785491.0,89509.0
590000,542909.0,47091.0
970000,1095575.0,125575.0
439950,397670.0,42280.0
449950,444462.0,5488.0
450000,479223.0,29223.0
227500,231027.0,3527.0
379000,377990.0,1010.0
440000,371496.0,68504.0
453000,502951.0,49951.0
250000,325266.0,75266.0
400000,274205.0,125795.0
300000,458898.0,158898.0
645500,781935.0,136435.0
570000,505840.0,64160.0
454000,475278.0,21278.0
320000,388319.0,68319.0
240000,257700.0,17700.0
288349,275318.0,13031.0
635250,851873.0,216623.0
304000,320160.0,16160.0
355000,318589.0,36411.0
375000,322194.0,52806.0
282150,323991.0,41841.0
425000,424869.0,131.0
485000,427109.0,57891.0
428900,420963.0,7937.0
545000,514086.0,30914.0
515000,587098.0,72098.0
240000,265366.0,25366.0
175000,268646.0,93646.0
650000,670896.0,20896.0
399500,456469.0,56969.0
440500,450826.0,10326.0
440000,471307.0,31307.0
456500,500870.0,44370.0
563250,578107.0,14857.0
850000,761498.0,88502.0
585000,551534.0,33466.0
762500,820690.0,58190.0
275053,273412.0,1641.0
205000,273037.0,68037.0
310000,378100.0,68100.0
216600,241468.0,24868.0
917500,975412.0,57912.0
530000,473560.0,56440.0
755000,714790.0,40210.0
325000,265659.0,59341.0
525000,458642.0,66358.0
399888,467862.0,67974.0
276900,354506.0,77606.0
471835,430586.0,41249.0
630000,655435.0,25435.0
395000,396522.0,1522.0
745000,735906.0,9094.0
581000,555110.0,25890.0
875000,844288.0,30712.0
231750,256254.0,24504.0
820000,699979.0,120021.0
550000,548601.0,1399.0
450000,436906.0,13094.0
1129912,1127251.0,2661.0
800000,979454.0,179454.0
555000,529174.0,25826.0
774900,449497.0,325403.0
431000,319644.0,111356.0
450000,373227.0,76773.0
963000,989846.0,26846.0
760000,711766.0,48234.0
595000,576621.0,18379.0
765000,770380.0,5380.0
215000,232348.0,17348.0
300000,466288.0,166288.0
1129912,1087183.0,42729.0
383000,351081.0,31919.0
750000,580204.0,169796.0
1129912,1146047.0,16135.0
420000,477459.0,57459.0
230000,252461.0,22461.0
499990,489844.0,10146.0
392500,359023.0,33477.0
365000,313460.0,51540.0
335000,281103.0,53897.0
390000,359451.0,30549.0
1129912,1079557.0,50355.0
560000,529959.0,30041.0
440000,408452.0,31548.0
455000,552027.0,97027.0
548500,415650.0,132850.0
513000,598036.0,85036.0
760000,874089.0,114089.0
475000,438230.0,36770.0
472000,373824.0,98176.0
595888,760873.0,164985.0
460000,361962.0,98038.0
726000,671247.0,54753.0
730000,749877.0,19877.0
373000,402349.0,29349.0
275000,291376.0,16376.0
293000,521974.0,228974.0
249900,205551.0,44349.0
432000,411581.0,20419.0
355000,441901.0,86901.0
425000,438024.0,13024.0
425000,426806.0,1806.0
387500,427395.0,39895.0
895900,902730.0,6830.0
730000,697599.0,32401.0
425000,476681.0,51681.0
330000,347262.0,17262.0
850000,738122.0,111878.0
387000,325722.0,61278.0
425000,444165.0,19165.0
443000,369077.0,73923.0
260000,279581.0,19581.0
613200,603308.0,9892.0
1100000,1050002.0,49998.0
464000,495250.0,31250.0
560000,559039.0,961.0
695000,701172.0,6172.0
534640,461393.0,73247.0
728935,797846.0,68911.0
605000,697021.0,92021.0
415000,445697.0,30697.0
416000,462728.0,46728.0
565000,562369.0,2631.0
490000,514004.0,24004.0
507250,478737.0,28513.0
970000,886697.0,83303.0
440000,422246.0,17754.0
441000,627912.0,186912.0
340000,350861.0,10861.0
265000,257312.0,7688.0
353900,315908.0,37992.0
685000,524528.0,160472.0
460000,613958.0,153958.0
429800,303953.0,125847.0
398500,427874.0,29374.0
375000,562330.0,187330.0
1095000,941983.0,153017.0
355000,356404.0,1404.0
325000,329016.0,4016.0
179950,219158.0,39208.0
258900,299876.0,40976.0
394000,384701.0,9299.0
335000,352010.0,17010.0
330000,366979.0,36979.0
216650,295955.0,79305.0
592500,543536.0,48964.0
470000,532224.0,62224.0
1129912,1127948.0,1964.0
475000,538742.0,63742.0
569000,502495.0,66505.0
465000,441530.0,23470.0
1129912,946547.0,183365.0
775000,840099.0,65099.0
679990,648208.0,31782.0
820000,818732.0,1268.0
350000,395617.0,45617.0
315000,266856.0,48144.0
485000,475412.0,9588.0
223000,264210.0,41210.0
179000,189951.0,10951.0
245000,264414.0,19414.0
582800,536882.0,45918.0
620000,673613.0,53613.0
296000,292948.0,3052.0
340895,367048.0,26153.0
415000,353701.0,61299.0
720000,846768.0,126768.0
411000,679305.0,268305.0
356500,359481.0,2981.0
751000,721099.0,29901.0
311000,350315.0,39315.0
285000,275779.0,9221.0
410000,396543.0,13457.0
333500,348109.0,14609.0
95000,177429.0,82429.0
620000,593894.0,26106.0
364000,353242.0,10758.0
570000,463793.0,106207.0
300000,278826.0,21174.0
799950,852382.0,52432.0
290000,352352.0,62352.0
147000,254825.0,107825.0
425000,589789.0,164789.0
950000,835220.0,114780.0
423500,527595.0,104095.0
290000,353615.0,63615.0
660000,610825.0,49175.0
153000,292100.0,139100.0
350000,373552.0,23552.0
750000,846631.0,96631.0
421500,504788.0,83288.0
732000,613374.0,118626.0
680000,633935.0,46065.0
615000,654387.0,39387.0
1129912,1187454.0,57542.0
765000,750913.0,14087.0
1129912,1094509.0,35403.0
403000,325040.0,77960.0
319000,305791.0,13209.0
689000,721451.0,32451.0
775000,581902.0,193098.0
410000,462751.0,52751.0
828200,797629.0,30571.0
760000,686537.0,73463.0
415000,412905.0,2095.0
425000,368398.0,56602.0
334000,421703.0,87703.0
710000,790840.0,80840.0
965000,919003.0,45997.0
1129912,1037059.0,92853.0
577450,537133.0,40317.0
500000,493004.0,6996.0
850000,947391.0,97391.0
295950,298218.0,2268.0
335000,435419.0,100419.0
912000,842364.0,69636.0
530000,541499.0,11499.0
405000,444335.0,39335.0
570000,614365.0,44365.0
579000,508870.0,70130.0
600000,646153.0,46153.0
225000,215851.0,9149.0
289999,277791.0,12208.0
640000,608260.0,31740.0
360000,342368.0,17632.0
368000,299828.0,68172.0
718000,872706.0,154706.0
265050,233351.0,31699.0
600000,498282.0,101718.0
220000,205140.0,14860.0
327000,314850.0,12150.0
305000,314731.0,9731.0
670000,831970.0,161970.0
1129912,1134558.0,4646.0
892500,882865.0,9635.0
390000,409534.0,19534.0
386180,385717.0,463.0
470000,505986.0,35986.0
445000,560569.0,115569.0
459000,397758.0,61242.0
504600,616525.0,111925.0
424950,380190.0,44760.0
193000,216913.0,23913.0
332500,236013.0,96487.0
660000,431767.0,228233.0
372000,363261.0,8739.0
1129912,1153671.0,23759.0
213500,236987.0,23487.0
419000,377004.0,41996.0
1129912,1023340.0,106572.0
485000,594554.0,109554.0
699000,636492.0,62508.0
295832,260825.0,35007.0
460000,466700.0,6700.0
1129912,1051182.0,78730.0
429900,465918.0,36018.0
400000,379099.0,20901.0
765000,952805.0,187805.0
890000,823224.0,66776.0
450000,575158.0,125158.0
249900,253742.0,3842.0
451000,432455.0,18545.0
410000,396412.0,13588.0
225000,230779.0,5779.0
403000,357613.0,45387.0
410000,611867.0,201867.0
325000,414804.0,89804.0
383000,348020.0,34980.0
836500,836982.0,482.0
585000,545058.0,39942.0
277140,438122.0,160982.0
202000,199171.0,2829.0
420000,436636.0,16636.0
350000,466012.0,116012.0
500000,535237.0,35237.0
345000,422697.0,77697.0
600000,600410.0,410.0
1129912,1077435.0,52477.0
449400,378751.0,70649.0
1129912,880405.0,249507.0
349000,403866.0,54866.0
359999,331231.0,28768.0
436000,493626.0,57626.0
224000,232930.0,8930.0
555000,705964.0,150964.0
221000,255993.0,34993.0
387000,282491.0,104509.0
587750,457672.0,130078.0
261000,299219.0,38219.0
204000,370887.0,166887.0
520000,518431.0,1569.0
340000,331315.0,8685.0
450000,610274.0,160274.0
360000,310514.0,49486.0
589900,809400.0,219500.0
373000,402934.0,29934.0
365000,363141.0,1859.0
305000,389333.0,84333.0
619500,625346.0,5846.0
579000,452595.0,126405.0
430000,509620.0,79620.0
670000,716860.0,46860.0
659000,740273.0,81273.0
550000,536250.0,13750.0
202000,168557.0,33443.0
350000,336798.0,13202.0
400000,372455.0,27545.0
582000,687228.0,105228.0
155000,202755.0,47755.0
585000,491131.0,93869.0
274950,252569.0,22381.0
1129912,993368.0,136544.0
396000,386975.0,9025.0
769900,686321.0,83579.0
752000,679117.0,72883.0
357000,303805.0,53195.0
525000,559166.0,34166.0
290000,411847.0,121847.0
525000,536477.0,11477.0
320000,337099.0,17099.0
370000,392123.0,22123.0
490000,506514.0,16514.0
341000,356460.0,15460.0
271920,250533.0,21387.0
275000,279395.0,4395.0
830000,763771.0,66229.0
525000,658626.0,133626.0
998500,663401.0,335099.0
530000,638960.0,108960.0
650000,710711.0,60711.0
490000,502634.0,12634.0
425000,462959.0,37959.0
500000,372742.0,127258.0
395000,448559.0,53559.0
525000,450832.0,74168.0
570000,650179.0,80179.0
728000,676212.0,51788.0
380000,353952.0,26048.0
1129912,1134663.0,4751.0
218000,260951.0,42951.0
260000,178436.0,81564.0
507000,446344.0,60656.0
367000,332535.0,34465.0
605000,520822.0,84178.0
453000,667766.0,214766.0
187000,256838.0,69838.0
259950,244408.0,15542.0
520000,442402.0,77598.0
874000,829807.0,44193.0
225000,290522.0,65522.0
459000,443477.0,15523.0
497000,593925.0,96925.0
439995,346550.0,93445.0
652600,794969.0,142369.0
280000,402628.0,122628.0
1129912,1153647.0,23735.0
419950,440248.0,20298.0
370000,313460.0,56540.0
739900,747125.0,7225.0
340000,435581.0,95581.0
495000,483170.0,11830.0
436000,413157.0,22843.0
782500,763417.0,19083.0
210000,216857.0,6857.0
612000,555544.0,56456.0
585000,618892.0,33892.0
250000,255590.0,5590.0
223000,230729.0,7729.0
315000,382341.0,67341.0
355000,437956.0,82956.0
250000,277448.0,27448.0
438400,417027.0,21373.0
465000,607917.0,142917.0
650000,538228.0,111772.0
650000,681911.0,31911.0
1129912,1031229.0,98683.0
245000,320699.0,75699.0
775000,652579.0,122421.0
718500,750605.0,32105.0
563000,568861.0,5861.0
987000,929997.0,57003.0
1129912,1110208.0,19704.0
875000,915394.0,40394.0
883000,963284.0,80284.0
630000,508537.0,121463.0
470000,396273.0,73727.0
710000,774168.0,64168.0
422500,409985.0,12515.0
802000,704198.0,97802.0
245000,257147.0,12147.0
320000,391547.0,71547.0
815000,747242.0,67758.0
292500,276133.0,16367.0
360000,345532.0,14468.0
364000,424232.0,60232.0
197500,188621.0,8879.0
725000,673473.0,51527.0
615000,476258.0,138742.0
402000,414207.0,12207.0
1129912,1108047.0,21865.0
490000,505641.0,15641.0
540000,513780.0,26220.0
590000,632882.0,42882.0
1129912,1079384.0,50528.0
659000,614054.0,44946.0
1129912,1015684.0,114228.0
775000,743096.0,31904.0
990000,980522.0,9478.0
582000,483649.0,98351.0
215000,228342.0,13342.0
299950,255061.0,44889.0
830000,944822.0,114822.0
1129912,1009947.0,119965.0
232603,263717.0,31114.0
760000,826817.0,66817.0
175000,219429.0,44429.0
278800,310819.0,32019.0
329950,344571.0,14621.0
229500,288378.0,58878.0
285000,240496.0,44504.0
240000,189949.0,50051.0
417400,424011.0,6611.0
564000,601960.0,37960.0
583000,760122.0,177122.0
417000,465173.0,48173.0
259000,231252.0,27748.0
610000,662508.0,52508.0
1129912,1064392.0,65520.0
447450,479917.0,32467.0
551500,609606.0,58106.0
709950,723225.0,13275.0
440000,398594.0,41406.0
580000,636921.0,56921.0
375000,406529.0,31529.0
367500,306126.0,61374.0
559900,595409.0,35509.0
329950,331969.0,2019.0
245000,222998.0,22002.0
227000,207083.0,19917.0
750000,793525.0,43525.0
436500,514777.0,78277.0
437850,693215.0,255365.0
870000,856416.0,13584.0
520000,513813.0,6187.0
1129912,882122.0,247790.0
258000,212044.0,45956.0
525000,732528.0,207528.0
400000,381222.0,18778.0
450000,421386.0,28614.0
370000,428404.0,58404.0
360000,623927.0,263927.0
690000,764206.0,74206.0
726888,763597.0,36709.0
425000,596350.0,171350.0
627800,637988.0,10188.0
1129912,1163759.0,33847.0
390000,503484.0,113484.0
395000,386040.0,8960.0
1129912,1084018.0,45894.0
362362,287445.0,74917.0
321000,276372.0,44628.0
510000,582825.0,72825.0
805000,708666.0,96334.0
375000,345620.0,29380.0
470000,477745.0,7745.0
439888,564317.0,124429.0
784000,886257.0,102257.0
325000,359432.0,34432.0
349000,324823.0,24177.0
304500,311984.0,7484.0
1129912,1181796.0,51884.0
185000,202908.0,17908.0
324000,309363.0,14637.0
275000,299564.0,24564.0
750000,756729.0,6729.0
620000,602232.0,17768.0
630000,643726.0,13726.0
550000,531537.0,18463.0
507000,575791.0,68791.0
539000,430018.0,108982.0
320000,272299.0,47701.0
1129912,1036592.0,93320.0
290000,283756.0,6244.0
360400,455527.0,95127.0
900000,908440.0,8440.0
295000,409198.0,114198.0
526000,471737.0,54263.0
430000,450454.0,20454.0
581000,552972.0,28028.0
799950,764223.0,35727.0
280000,322215.0,42215.0
645000,714565.0,69565.0
602000,584252.0,17748.0
415000,436400.0,21400.0
560000,417572.0,142428.0
280000,349445.0,69445.0
360000,472211.0,112211.0
275000,256811.0,18189.0
766500,764236.0,2264.0
324747,383241.0,58494.0
575000,625643.0,50643.0
500000,462086.0,37914.0
319000,398317.0,79317.0
637500,694642.0,57142.0
199000,251913.0,52913.0
495000,514258.0,19258.0
445000,445292.0,292.0
500000,621902.0,121902.0
749950,947208.0,197258.0
540000,670975.0,130975.0
337000,369668.0,32668.0
260000,303980.0,43980.0
550285,461421.0,88864.0
425000,443209.0,18209.0
480000,417114.0,62886.0
299950,222054.0,77896.0
393000,509743.0,116743.0
451101,494607.0,43506.0
252350,284123.0,31773.0
431000,492580.0,61580.0
1062500,964238.0,98262.0
960000,996311.0,36311.0
730000,779692.0,49692.0
238000,222665.0,15335.0
595000,608994.0,13994.0
548000,511080.0,36920.0
490000,465668.0,24332.0
565000,486624.0,78376.0
350000,393133.0,43133.0
545000,590216.0,45216.0
665000,660414.0,4586.0
295000,288165.0,6835.0
545000,576196.0,31196.0
1020000,1021206.0,1206.0
300000,303628.0,3628.0
443500,384569.0,58931.0
570000,502301.0,67699.0
335000,313952.0,21048.0
345000,325701.0,19299.0
648000,574923.0,73077.0
337000,462197.0,125197.0
175000,245868.0,70868.0
220000,233859.0,13859.0
260000,317430.0,57430.0
278000,218360.0,59640.0
225000,178091.0,46909.0
1085000,907012.0,177988.0
420000,418500.0,1500.0
366000,406110.0,40110.0
401000,386183.0,14817.0
435000,474935.0,39935.0
545000,476617.0,68383.0
610000,738463.0,128463.0
868700,900327.0,31627.0
379000,431132.0,52132.0
677500,733007.0,55507.0
264500,273445.0,8945.0
499000,435438.0,63562.0
348000,369567.0,21567.0
750000,663232.0,86768.0
925000,814494.0,110506.0
562000,676951.0,114951.0
312000,540150.0,228150.0
510000,854968.0,344968.0
575000,679820.0,104820.0
287000,271054.0,15946.0
500000,680344.0,180344.0
282000,359428.0,77428.0
420000,370996.0,49004.0
295000,275952.0,19048.0
249500,230959.0,18541.0
445000,430075.0,14925.0
1060000,986943.0,73057.0
710000,622816.0,87184.0
270000,304848.0,34848.0
280500,296215.0,15715.0
246000,254661.0,8661.0
700000,702843.0,2843.0
475000,535130.0,60130.0
620000,636108.0,16108.0
398000,393588.0,4412.0
394999,348169.0,46830.0
452000,452994.0,994.0
549000,524696.0,24304.0
253000,273435.0,20435.0
336500,268617.0,67883.0
333500,364910.0,31410.0
785000,801189.0,16189.0
780000,788250.0,8250.0
459950,439442.0,20508.0
520000,505696.0,14304.0
399000,396213.0,2787.0
490000,650765.0,160765.0
622000,572364.0,49636.0
78000,149627.0,71627.0
401000,398809.0,2191.0
624000,665488.0,41488.0
833000,830640.0,2360.0
815241,870854.0,55613.0
225000,252717.0,27717.0
376000,437681.0,61681.0
740000,708820.0,31180.0
935000,978458.0,43458.0
165000,239605.0,74605.0
280000,216973.0,63027.0
365000,344388.0,20612.0
390000,321692.0,68308.0
524950,514821.0,10129.0
421000,379328.0,41672.0
280000,242085.0,37915.0
775000,815484.0,40484.0
621500,610111.0,11389.0
250000,226841.0,23159.0
217000,222619.0,5619.0
660000,619617.0,40383.0
250000,333098.0,83098.0
329000,361539.0,32539.0
447000,435883.0,11117.0
307000,290950.0,16050.0
328000,290827.0,37173.0
703011,689889.0,13122.0
222000,248869.0,26869.0
360000,321654.0,38346.0
342000,270801.0,71199.0
1000000,961730.0,38270.0
205000,208838.0,3838.0
512500,516564.0,4064.0
550000,585959.0,35959.0
300000,332393.0,32393.0
1129912,1074459.0,55453.0
521500,456617.0,64883.0
233000,325907.0,92907.0
1129912,1116429.0,13483.0
449900,441266.0,8634.0
1015000,821564.0,193436.0
645000,665352.0,20352.0
464950,463129.0,1821.0
450000,450011.0,11.0
595000,586677.0,8323.0
245000,308455.0,63455.0
250000,235318.0,14682.0
530000,539814.0,9814.0
790000,703690.0,86310.0
279900,201907.0,77993.0
630000,716920.0,86920.0
687500,620190.0,67310.0
557000,567643.0,10643.0
415000,329484.0,85516.0
247000,290361.0,43361.0
860000,705775.0,154225.0
275000,259721.0,15279.0
396000,340204.0,55796.0
234000,261173.0,27173.0
1129912,861449.0,268463.0
500000,531873.0,31873.0
515000,535386.0,20386.0
324950,343063.0,18113.0
650000,597442.0,52558.0
397000,428474.0,31474.0
745000,843513.0,98513.0
1070000,919498.0,150502.0
760000,688259.0,71741.0
1129912,1046232.0,83680.0
998000,859102.0,138898.0
746000,643426.0,102574.0
478000,505569.0,27569.0
323000,386486.0,63486.0
1100000,930190.0,169810.0
925000,881444.0,43556.0
1129912,993678.0,136234.0
1129912,1000762.0,129150.0
338500,301557.0,36943.0
1129912,1150652.0,20740.0
228950,260595.0,31645.0
575000,535956.0,39044.0
215000,247035.0,32035.0
494900,434479.0,60421.0
1129912,1130399.0,487.0
335000,355433.0,20433.0
135000,208225.0,73225.0
564800,537513.0,27287.0
270000,397273.0,127273.0
290000,336215.0,46215.0
646000,670427.0,24427.0
495000,380997.0,114003.0
399950,380036.0,19914.0
525000,532669.0,7669.0
222000,230894.0,8894.0
250000,258832.0,8832.0
349900,376740.0,26840.0
275000,264012.0,10988.0
250000,281699.0,31699.0
319000,380634.0,61634.0
460000,475317.0,15317.0
384205,422480.0,38275.0
500000,588064.0,88064.0
449000,495654.0,46654.0
305000,321823.0,16823.0
455000,553469.0,98469.0
551000,576201.0,25201.0
674725,681576.0,6851.0
539000,534055.0,4945.0
345000,256756.0,88244.0
422500,449700.0,27200.0
400000,382774.0,17226.0
205000,297457.0,92457.0
550000,217707.0,332293.0
872000,837449.0,34551.0
367000,245996.0,121004.0
455000,389416.0,65584.0
656000,721311.0,65311.0
297000,316351.0,19351.0
418000,474997.0,56997.0
225000,240088.0,15088.0
126500,221111.0,94611.0
430000,470910.0,40910.0
1060000,1041422.0,18578.0
206990,219202.0,12212.0
317000,292375.0,24625.0
600000,645325.0,45325.0
751000,864291.0,113291.0
692500,652524.0,39976.0
530000,682594.0,152594.0
1129912,1009104.0,120808.0
255000,266261.0,11261.0
1129912,937025.0,192887.0
1129912,850015.0,279897.0
289000,282999.0,6001.0
539000,499208.0,39792.0
226500,260788.0,34288.0
495000,533906.0,38906.0
368000,365852.0,2148.0
425000,415424.0,9576.0
830000,776144.0,53856.0
512500,470886.0,41614.0
426000,290241.0,135759.0
382000,370505.0,11495.0
630000,765293.0,135293.0
229000,270963.0,41963.0
1087500,898310.0,189190.0
415000,401367.0,13633.0
1129912,1120791.0,9121.0
618000,530901.0,87099.0
1129912,1095698.0,34214.0
355000,366561.0,11561.0
1062500,866981.0,195519.0
620000,774106.0,154106.0
266500,239666.0,26834.0
335000,366767.0,31767.0
310000,304574.0,5426.0
349950,259900.0,90050.0
280000,321018.0,41018.0
390000,453952.0,63952.0
625000,569048.0,55952.0
265000,240299.0,24701.0
1129912,1028775.0,101137.0
343500,339032.0,4468.0
710000,740611.0,30611.0
415000,463807.0,48807.0
765000,639848.0,125152.0
1055000,994866.0,60134.0
922755,891703.0,31052.0
555000,715876.0,160876.0
356000,405739.0,49739.0
787000,664778.0,122222.0
699000,737787.0,38787.0
507000,580120.0,73120.0
350000,284882.0,65118.0
349000,360589.0,11589.0
130000,194329.0,64329.0
400000,386444.0,13556.0
640000,621115.0,18885.0
1129912,1012791.0,117121.0
230000,327415.0,97415.0
276750,284882.0,8132.0
225000,269918.0,44918.0
311000,398956.0,87956.0
850000,757749.0,92251.0
271000,232143.0,38857.0
325000,399421.0,74421.0
580000,495812.0,84188.0
698000,935208.0,237208.0
771000,843751.0,72751.0
925000,1047505.0,122505.0
234950,259345.0,24395.0
480000,528502.0,48502.0
905000,955161.0,50161.0
256400,204646.0,51754.0
968000,920585.0,47415.0
288000,260793.0,27207.0
499000,381280.0,117720.0
900000,575858.0,324142.0
417000,478707.0,61707.0
250000,130562.0,119438.0
719000,734227.0,15227.0
500000,415194.0,84806.0
180000,278785.0,98785.0
660000,649547.0,10453.0
490000,535047.0,45047.0
277500,326843.0,49343.0
150000,194978.0,44978.0
243500,278801.0,35301.0
835000,722910.0,112090.0
82500,147097.0,64597.0
265000,287021.0,22021.0
240000,269667.0,29667.0
782000,872999.0,90999.0
500000,498175.0,1825.0
1129912,988913.0,140999.0
330000,369002.0,39002.0
390000,347176.0,42824.0
820000,1072655.0,252655.0
484950,439314.0,45636.0
808250,722436.0,85814.0
377000,348451.0,28549.0
530000,489716.0,40284.0
345000,389982.0,44982.0
302000,282468.0,19532.0
735000,749367.0,14367.0
436000,475424.0,39424.0
500000,615537.0,115537.0
369000,405183.0,36183.0
320000,523670.0,203670.0
1129912,1119389.0,10523.0
499000,530715.0,31715.0
524225,447158.0,77067.0
800000,757088.0,42912.0
378500,441628.0,63128.0
690000,654312.0,35688.0
430100,371961.0,58139.0
399950,378781.0,21169.0
995000,1048343.0,53343.0
445800,385678.0,60122.0
320000,306593.0,13407.0
280500,300338.0,19838.0
379900,360563.0,19337.0
250000,222664.0,27336.0
246950,306715.0,59765.0
363000,417207.0,54207.0
115000,206476.0,91476.0
475000,481465.0,6465.0
391500,431618.0,40118.0
385000,297867.0,87133.0
395000,408913.0,13913.0
800000,864380.0,64380.0
430000,431212.0,1212.0
500000,673072.0,173072.0
241000,266086.0,25086.0
597750,622876.0,25126.0
895000,785542.0,109458.0
824000,721962.0,102038.0
1129912,1141742.0,11830.0
1075000,1014483.0,60517.0
360000,293102.0,66898.0
1129912,1063405.0,66507.0
219900,168982.0,50918.0
725786,834938.0,109152.0
1080000,868127.0,211873.0
383000,428663.0,45663.0
540000,544209.0,4209.0
234000,303783.0,69783.0
474950,585166.0,110216.0
335500,504109.0,168609.0
376000,389568.0,13568.0
799000,772030.0,26970.0
544000,530305.0,13695.0
410000,488456.0,78456.0
1037000,1030159.0,6841.0
173000,252608.0,79608.0
415000,498582.0,83582.0
165050,209754.0,44704.0
658000,642803.0,15197.0
775000,909320.0,134320.0
1129912,1004889.0,125023.0
216000,244501.0,28501.0
122000,185355.0,63355.0
692500,454601.0,237899.0
550000,601261.0,51261.0
335000,321046.0,13954.0
359500,356998.0,2502.0
799000,777984.0,21016.0
635000,701656.0,66656.0
587000,614770.0,27770.0
585000,533428.0,51572.0
380000,315202.0,64798.0
355000,357350.0,2350.0
235000,203224.0,31776.0
426000,380969.0,45031.0
1129912,1149034.0,19122.0
302000,319550.0,17550.0
325000,277733.0,47267.0
290000,259380.0,30620.0
450000,422397.0,27603.0
845000,615786.0,229214.0
740000,884093.0,144093.0
210000,282417.0,72417.0
540000,582589.0,42589.0
315000,499748.0,184748.0
410500,351321.0,59179.0
360000,431658.0,71658.0
1129912,920054.0,209858.0
442000,465529.0,23529.0
524000,652439.0,128439.0
799950,761422.0,38528.0
260000,274608.0,14608.0
425000,387972.0,37028.0
820000,866358.0,46358.0
250000,248452.0,1548.0
580000,529675.0,50325.0
925900,954128.0,28228.0
325000,377800.0,52800.0
711800,724938.0,13138.0
307000,343411.0,36411.0
1088000,913454.0,174546.0
269950,377087.0,107137.0
425000,381446.0,43554.0
342000,359758.0,17758.0
282000,287727.0,5727.0
379900,417053.0,37153.0
210000,246779.0,36779.0
607000,623197.0,16197.0
310000,548790.0,238790.0
499990,482614.0,17376.0
1129912,1080970.0,48942.0
870000,783615.0,86385.0
560000,563071.0,3071.0
283000,278219.0,4781.0
580000,584183.0,4183.0
375000,317777.0,57223.0
319950,335597.0,15647.0
600000,589897.0,10103.0
555000,625193.0,70193.0
478000,464035.0,13965.0
315000,218642.0,96358.0
685000,709463.0,24463.0
372500,395657.0,23157.0
455000,435494.0,19506.0
875000,857028.0,17972.0
290900,312772.0,21872.0
335000,365508.0,30508.0
799000,837101.0,38101.0
517000,486483.0,30517.0
395000,395226.0,226.0
263500,254155.0,9345.0
307150,248492.0,58658.0
288250,313396.0,25146.0
249000,325864.0,76864.0
1050000,1100345.0,50345.0
196000,278298.0,82298.0
870000,888483.0,18483.0
561600,661736.0,100136.0
1129912,1003221.0,126691.0
372500,285934.0,86566.0
259000,253014.0,5986.0
395000,343909.0,51091.0
415000,517574.0,102574.0
245000,246392.0,1392.0
600000,506860.0,93140.0
886000,741346.0,144654.0
565000,505506.0,59494.0
775000,749138.0,25862.0
615000,573070.0,41930.0
255500,309082.0,53582.0
260000,275966.0,15966.0
549950,675046.0,125096.0
669000,628525.0,40475.0
580000,583154.0,3154.0
260656,267478.0,6822.0
300000,337752.0,37752.0
616000,626280.0,10280.0
641000,608449.0,32551.0
500000,611085.0,111085.0
685000,676501.0,8499.0
299500,234173.0,65327.0
742000,692749.0,49251.0
255000,208943.0,46057.0
445000,453314.0,8314.0
410000,378564.0,31436.0
330000,409878.0,79878.0
450000,441173.0,8827.0
899000,773899.0,125101.0
585444,669850.0,84406.0
339990,317802.0,22188.0
235000,281726.0,46726.0
618250,780543.0,162293.0
439000,535343.0,96343.0
800000,812736.0,12736.0
645000,492170.0,152830.0
180000,201292.0,21292.0
471000,459474.0,11526.0
485000,528958.0,43958.0
1129912,890822.0,239090.0
520000,450136.0,69864.0
325000,305116.0,19884.0
348000,334941.0,13059.0
333000,419629.0,86629.0
1129912,1116381.0,13531.0
690000,499410.0,190590.0
595000,615278.0,20278.0
1095000,895153.0,199847.0
543000,541844.0,1156.0
407500,451736.0,44236.0
284000,287250.0,3250.0
1129912,1036819.0,93093.0
875000,810134.0,64866.0
585000,555799.0,29201.0
147500,193683.0,46183.0
260000,249882.0,10118.0
391500,439829.0,48329.0
335000,408341.0,73341.0
591975,599031.0,7056.0
842500,846944.0,4444.0
562500,528412.0,34088.0
170000,227218.0,57218.0
219900,196203.0,23697.0
420000,348710.0,71290.0
1129912,1104513.0,25399.0
1129912,946117.0,183795.0
815000,735801.0,79199.0
500000,491861.0,8139.0
355000,360366.0,5366.0
265900,270409.0,4509.0
1129912,1096544.0,33368.0
390000,383141.0,6859.0
368000,346119.0,21881.0
920000,997456.0,77456.0
250000,255033.0,5033.0
205000,226437.0,21437.0
415000,325719.0,89281.0
800000,750991.0,49009.0
365000,413950.0,48950.0
1129912,1171401.0,41489.0
559950,575640.0,15690.0
655000,616282.0,38718.0
235000,271158.0,36158.0
339950,292717.0,47233.0
355000,345480.0,9520.0
245000,309709.0,64709.0
245000,342854.0,97854.0
1129912,1099104.0,30808.0
245000,254570.0,9570.0
637500,603058.0,34442.0
245000,235153.0,9847.0
298900,298847.0,53.0
465250,434114.0,31136.0
302059,375312.0,73253.0
295000,303261.0,8261.0
357500,373884.0,16384.0
209950,246194.0,36244.0
237000,236020.0,980.0
777000,1062424.0,285424.0
325000,155734.0,169266.0
778000,870021.0,92021.0
310000,262063.0,47937.0
352900,372457.0,19557.0
415000,506477.0,91477.0
680000,683989.0,3989.0
330000,390371.0,60371.0
555000,538612.0,16388.0
1129912,1174804.0,44892.0
467100,461062.0,6038.0
200000,259262.0,59262.0
440000,420796.0,19204.0
299800,292367.0,7433.0
235000,260143.0,25143.0
450000,478193.0,28193.0
759950,735575.0,24375.0
430000,447551.0,17551.0
349950,332188.0,17762.0
600000,514056.0,85944.0
129888,200408.0,70520.0
387000,359020.0,27980.0
979700,1045025.0,65325.0
510000,650130.0,140130.0
450000,662085.0,212085.0
302860,360632.0,57772.0
839704,882439.0,42735.0
235867,226257.0,9610.0
1129912,1006733.0,123179.0
536000,644734.0,108734.0
330000,375854.0,45854.0
425000,370568.0,54432.0
550000,512376.0,37624.0
451000,447788.0,3212.0
361600,382607.0,21007.0
239000,203132.0,35868.0
940000,902183.0,37817.0
340000,356210.0,16210.0
695000,699597.0,4597.0
484998,523757.0,38759.0
555000,656200.0,101200.0
722080,717398.0,4682.0
1129912,1056682.0,73230.0
415000,373341.0,41659.0
210000,221185.0,11185.0
533000,508798.0,24202.0
320000,402327.0,82327.0
300000,405221.0,105221.0
285000,278250.0,6750.0
465000,790257.0,325257.0
291000,316803.0,25803.0
1129912,1249622.0,119710.0
661000,705837.0,44837.0
1129912,954580.0,175332.0
345000,449119.0,104119.0
525000,461241.0,63759.0
214000,208810.0,5190.0
550000,511153.0,38847.0
449950,536808.0,86858.0
499500,367852.0,131648.0
274000,249963.0,24037.0
680000,661110.0,18890.0
548000,460894.0,87106.0
375000,434845.0,59845.0
1129912,1192410.0,62498.0
510000,446148.0,63852.0
450000,434129.0,15871.0
600000,725461.0,125461.0
255950,243114.0,12836.0
469000,498285.0,29285.0
394900,388141.0,6759.0
445000,412771.0,32229.0
420000,617830.0,197830.0
325000,292245.0,32755.0
683500,604837.0,78663.0
185000,190419.0,5419.0
350000,381431.0,31431.0
655275,491338.0,163937.0
450000,517185.0,67185.0
300000,346053.0,46053.0
247500,249746.0,2246.0
243950,269357.0,25407.0
485000,424197.0,60803.0
385000,428686.0,43686.0
450000,394694.0,55306.0
375000,420593.0,45593.0
329000,328609.0,391.0
1129912,1206291.0,76379.0
542300,648154.0,105854.0
357000,371254.0,14254.0
770000,516080.0,253920.0
678000,735360.0,57360.0
310000,316312.0,6312.0
235000,201888.0,33112.0
325000,415112.0,90112.0
770126,827637.0,57511.0
1129912,1023394.0,106518.0
306500,289578.0,16922.0
579000,638472.0,59472.0
925000,931168.0,6168.0
259000,256204.0,2796.0
225000,317670.0,92670.0
395000,452265.0,57265.0
440000,529069.0,89069.0
425000,416466.0,8534.0
349000,296301.0,52699.0
538000,502413.0,35587.0
80000,242509.0,162509.0
550000,553016.0,3016.0
375000,418958.0,43958.0
730000,614912.0,115088.0
315000,332730.0,17730.0
359000,299639.0,59361.0
479000,514722.0,35722.0
400375,360112.0,40263.0
1129912,1051593.0,78319.0
724950,721616.0,3334.0
229000,273227.0,44227.0
545000,495834.0,49166.0
540000,510599.0,29401.0
450000,507673.0,57673.0
408000,372198.0,35802.0
395000,419603.0,24603.0
665000,757325.0,92325.0
1129912,1150882.0,20970.0
655000,577570.0,77430.0
285000,280498.0,4502.0
294000,260260.0,33740.0
270500,245470.0,25030.0
370000,360067.0,9933.0
799000,705348.0,93652.0
445000,467679.0,22679.0
1129912,1206563.0,76651.0
256950,341152.0,84202.0
260000,248354.0,11646.0
345000,389287.0,44287.0
470000,541478.0,71478.0
460000,619954.0,159954.0
525000,595378.0,70378.0
390000,408318.0,18318.0
720000,721914.0,1914.0
334888,375219.0,40331.0
1129912,1017199.0,112713.0
301000,349866.0,48866.0
371000,368760.0,2240.0
232500,242720.0,10220.0
397000,504790.0,107790.0
259000,254537.0,4463.0
915000,907292.0,7708.0
389000,393650.0,4650.0
327500,371444.0,43944.0
860000,844038.0,15962.0
1129912,1039157.0,90755.0
235000,219755.0,15245.0
248000,271858.0,23858.0
229000,225379.0,3621.0
1129912,1123249.0,6663.0
385000,275055.0,109945.0
365000,581338.0,216338.0
467000,415723.0,51277.0
250000,257230.0,7230.0
402000,398344.0,3656.0
136500,188457.0,51957.0
598850,594800.0,4050.0
370000,504287.0,134287.0
550000,657771.0,107771.0
569000,659546.0,90546.0
400000,480591.0,80591.0
430000,343806.0,86194.0
324360,326938.0,2578.0
429000,489171.0,60171.0
355500,370070.0,14570.0
415000,380028.0,34972.0
330000,320482.0,9518.0
770000,810932.0,40932.0
1129912,1129232.0,680.0
910000,840471.0,69529.0
429000,411194.0,17806.0
403950,487313.0,83363.0
716000,771873.0,55873.0
268500,251282.0,17218.0
594000,577149.0,16851.0
465000,431191.0,33809.0
670000,596850.0,73150.0
670000,628896.0,41104.0
453000,405421.0,47579.0
595000,566391.0,28609.0
1129912,985347.0,144565.0
510000,507626.0,2374.0
192000,210071.0,18071.0
615000,518736.0,96264.0
860000,877530.0,17530.0
328000,342987.0,14987.0
350000,321711.0,28289.0
286000,317860.0,31860.0
430000,455004.0,25004.0
305000,395733.0,90733.0
289275,447595.0,158320.0
437500,560477.0,122977.0
334950,388620.0,53670.0
950000,749991.0,200009.0
275000,256920.0,18080.0
627000,617941.0,9059.0
539000,575671.0,36671.0
780000,804641.0,24641.0
706000,797853.0,91853.0
1129912,994706.0,135206.0
550000,773831.0,223831.0
451000,585876.0,134876.0
320000,305040.0,14960.0
492000,415104.0,76896.0
1129912,861497.0,268415.0
374000,330256.0,43744.0
640000,599129.0,40871.0
300000,288106.0,11894.0
430000,509566.0,79566.0
316000,334538.0,18538.0
711000,693389.0,17611.0
500000,506386.0,6386.0
1129912,900154.0,229758.0
396675,350285.0,46390.0
562500,682935.0,120435.0
355000,306075.0,48925.0
515000,711646.0,196646.0
529000,603394.0,74394.0
165000,223066.0,58066.0
524000,407170.0,116830.0
539950,633384.0,93434.0
431000,357510.0,73490.0
620000,646748.0,26748.0
746000,730847.0,15153.0
215000,285508.0,70508.0
610000,788170.0,178170.0
202500,258897.0,56397.0
602000,578350.0,23650.0
317000,349302.0,32302.0
260000,214195.0,45805.0
850000,983423.0,133423.0
332100,309475.0,22625.0
475000,347173.0,127827.0
602000,646885.0,44885.0
515000,549151.0,34151.0
414500,419752.0,5252.0
619400,634127.0,14727.0
396000,365742.0,30258.0
336500,350615.0,14115.0
440000,426188.0,13812.0
375000,337909.0,37091.0
375000,422226.0,47226.0
747500,623426.0,124074.0
210000,238425.0,28425.0
400000,357324.0,42676.0
455800,511823.0,56023.0
334850,399125.0,64275.0
695000,886209.0,191209.0
382888,339645.0,43243.0
415000,526391.0,111391.0
265000,244243.0,20757.0
308000,248659.0,59341.0
530000,507750.0,22250.0
1129912,1097500.0,32412.0
249950,276913.0,26963.0
251000,237738.0,13262.0
412500,458075.0,45575.0
360000,274128.0,85872.0
300000,356147.0,56147.0
330000,378111.0,48111.0
650000,696879.0,46879.0
367500,422025.0,54525.0
330000,309939.0,20061.0
424000,416925.0,7075.0
554950,601656.0,46706.0
455000,293864.0,161136.0
795000,816994.0,21994.0
1129912,960840.0,169072.0
1129912,1065582.0,64330.0
440000,533172.0,93172.0
518000,481944.0,36056.0
511000,594603.0,83603.0
880000,806302.0,73698.0
330000,295870.0,34130.0
314200,342157.0,27957.0
453000,524547.0,71547.0
810000,829881.0,19881.0
431000,472437.0,41437.0
325000,288048.0,36952.0
190000,332217.0,142217.0
670000,587456.0,82544.0
725000,758959.0,33959.0
254000,322853.0,68853.0
470500,415496.0,55004.0
690000,764386.0,74386.0
690000,904987.0,214987.0
329950,328733.0,1217.0
350000,331692.0,18308.0
243000,244692.0,1692.0
365000,413410.0,48410.0
500000,742974.0,242974.0
532500,605156.0,72656.0
235000,262910.0,27910.0
257000,245777.0,11223.0
461100,448516.0,12584.0
436500,395614.0,40886.0
544300,509109.0,35191.0
386000,390388.0,4388.0
1129912,1091808.0,38104.0
100000,193512.0,93512.0
290000,271533.0,18467.0
490000,504717.0,14717.0
390000,486931.0,96931.0
861111,892869.0,31758.0
275000,257432.0,17568.0
410000,371524.0,38476.0
455000,407667.0,47333.0
354800,410239.0,55439.0
605000,631623.0,26623.0
1129912,1109243.0,20669.0
446800,512558.0,65758.0
725995,664297.0,61698.0
1075000,784589.0,290411.0
580000,623375.0,43375.0
713250,767728.0,54478.0
153000,200931.0,47931.0
325000,403492.0,78492.0
438000,484947.0,46947.0
649990,628358.0,21632.0
480000,624415.0,144415.0
265000,214446.0,50554.0
325000,276539.0,48461.0
632000,643423.0,11423.0
390000,483126.0,93126.0
600000,757535.0,157535.0
485000,499083.0,14083.0
567500,492557.0,74943.0
320000,300223.0,19777.0
325250,278801.0,46449.0
246000,288163.0,42163.0
324900,339329.0,14429.0
760000,543379.0,216621.0
380000,362960.0,17040.0
1129912,822639.0,307273.0
348580,368100.0,19520.0
691000,581437.0,109563.0
550000,702351.0,152351.0
205000,210058.0,5058.0
369000,294485.0,74515.0
655000,745860.0,90860.0
500000,598193.0,98193.0
288400,296040.0,7640.0
927000,993720.0,66720.0
670000,690031.0,20031.0
799000,812338.0,13338.0
230000,250389.0,20389.0
834950,843953.0,9003.0
179950,208228.0,28278.0
235000,323232.0,88232.0
1100000,989742.0,110258.0
661000,603542.0,57458.0
392800,563885.0,171085.0
239950,257081.0,17131.0
379000,515800.0,136800.0
475000,479461.0,4461.0
292000,308885.0,16885.0
385000,418816.0,33816.0
400000,520477.0,120477.0
730000,784353.0,54353.0
627000,552997.0,74003.0
288000,275239.0,12761.0
1129912,1085476.0,44436.0
489500,572922.0,83422.0
415000,439511.0,24511.0
319000,270396.0,48604.0
544000,494965.0,49035.0
679000,746228.0,67228.0
360000,414543.0,54543.0
598800,707688.0,108888.0
614000,597779.0,16221.0
342000,339827.0,2173.0
728725,660631.0,68094.0
290000,268811.0,21189.0
900000,921228.0,21228.0
690000,766332.0,76332.0
386500,472774.0,86274.0
201000,342612.0,141612.0
354450,327813.0,26637.0
525000,472893.0,52107.0
750000,974238.0,224238.0
600000,605760.0,5760.0
375000,278888.0,96112.0
238000,254343.0,16343.0
590000,625058.0,35058.0
625000,582536.0,42464.0
538000,472339.0,65661.0
438000,389828.0,48172.0
442000,529629.0,87629.0
550000,492298.0,57702.0
529950,518331.0,11619.0
660000,634661.0,25339.0
406500,258237.0,148263.0
168000,222665.0,54665.0
370000,260704.0,109296.0
315000,304937.0,10063.0
930000,693635.0,236365.0
815000,781668.0,33332.0
327000,366722.0,39722.0
800000,851686.0,51686.0
230000,213889.0,16111.0
725000,663775.0,61225.0
262000,342329.0,80329.0
242000,252956.0,10956.0
820000,859406.0,39406.0
641000,659050.0,18050.0
370000,547523.0,177523.0
939000,945366.0,6366.0
445000,445331.0,331.0
255000,239776.0,15224.0
326989,380720.0,53731.0
395000,308091.0,86909.0
552500,401334.0,151166.0
570000,479925.0,90075.0
642000,722936.0,80936.0
355000,351825.0,3175.0
424950,439881.0,14931.0
356250,373529.0,17279.0
480000,528050.0,48050.0
375000,441588.0,66588.0
790000,865576.0,75576.0
320000,336294.0,16294.0
625000,633393.0,8393.0
308625,304309.0,4316.0
385000,422190.0,37190.0
563000,630618.0,67618.0
360000,329129.0,30871.0
725000,825505.0,100505.0
464950,470112.0,5162.0
375000,383106.0,8106.0
787500,637142.0,150358.0
539500,634806.0,95306.0
119900,136644.0,16744.0
474950,482484.0,7534.0
682500,466012.0,216488.0
655000,621762.0,33238.0
445000,473433.0,28433.0
432500,438406.0,5906.0
265000,276653.0,11653.0
215000,352928.0,137928.0
287653,315101.0,27448.0
375000,450436.0,75436.0
409900,501902.0,92002.0
495000,549588.0,54588.0
440000,402172.0,37828.0
630000,644213.0,14213.0
317500,329974.0,12474.0
680000,620953.0,59047.0
330000,415051.0,85051.0
525300,468542.0,56758.0
275000,307656.0,32656.0
855000,970029.0,115029.0
462000,479309.0,17309.0
229500,217776.0,11724.0
713900,799018.0,85118.0
326500,439641.0,113141.0
471001,633330.0,162329.0
500000,467308.0,32692.0
576000,586965.0,10965.0
924000,855274.0,68726.0
470000,416372.0,53628.0
590000,420045.0,169955.0
290000,308776.0,18776.0
784000,928153.0,144153.0
490000,321201.0,168799.0
449950,380404.0,69546.0
276000,421890.0,145890.0
441000,367772.0,73228.0
316000,308745.0,7255.0
1065500,607878.0,457622.0
637000,613416.0,23584.0
200000,251725.0,51725.0
298000,344243.0,46243.0
240000,288471.0,48471.0
645000,740391.0,95391.0
495000,549761.0,54761.0
174950,193986.0,19036.0
527000,484825.0,42175.0
450000,390239.0,59761.0
455000,534114.0,79114.0
280000,337523.0,57523.0
307000,308950.0,1950.0
435000,439788.0,4788.0
610000,840059.0,230059.0
349000,291613.0,57387.0
215000,247541.0,32541.0
265000,270726.0,5726.0
430000,388451.0,41549.0
479900,385641.0,94259.0
800000,765636.0,34364.0
415885,420772.0,4887.0
840000,953187.0,113187.0
186000,225382.0,39382.0
450000,588337.0,138337.0
115000,148517.0,33517.0
275000,299294.0,24294.0
240000,357886.0,117886.0
825000,838138.0,13138.0
325000,296306.0,28694.0
550000,612671.0,62671.0
395000,316419.0,78581.0
600000,600353.0,353.0
1129912,880752.0,249160.0
585000,509485.0,75515.0
260000,282407.0,22407.0
785000,800267.0,15267.0
950000,1006894.0,56894.0
459900,469282.0,9382.0
265000,240391.0,24609.0
1129912,1270118.0,140206.0
950000,873093.0,76907.0
1104500,986076.0,118424.0
538000,529178.0,8822.0
509950,696686.0,186736.0
234000,230604.0,3396.0
372500,380460.0,7960.0
575000,726268.0,151268.0
329800,290736.0,39064.0
362500,347781.0,14719.0
310000,390250.0,80250.0
545000,517236.0,27764.0
1129912,1071300.0,58612.0
690000,558825.0,131175.0
349500,319836.0,29664.0
300000,208478.0,91522.0
475000,475194.0,194.0
425000,238790.0,186210.0
196000,325206.0,129206.0
550000,526773.0,23227.0
727500,746650.0,19150.0
524000,528030.0,4030.0
430000,437983.0,7983.0
259900,268878.0,8978.0
558000,506725.0,51275.0
733000,581222.0,151778.0
875000,731779.0,143221.0
267000,289828.0,22828.0
480000,461401.0,18599.0
575000,594162.0,19162.0
485000,321427.0,163573.0
450000,406605.0,43395.0
655000,613202.0,41798.0
200000,216915.0,16915.0
375000,322416.0,52584.0
615000,702094.0,87094.0
690000,706018.0,16018.0
267500,237768.0,29732.0
260000,283175.0,23175.0
700000,719440.0,19440.0
458450,485096.0,26646.0
1129912,857566.0,272346.0
265000,288660.0,23660.0
660000,606736.0,53264.0
907500,771086.0,136414.0
680000,605587.0,74413.0
570000,591026.0,21026.0
435000,456724.0,21724.0
230000,262204.0,32204.0
711777,555485.0,156292.0
425000,565048.0,140048.0
245000,293469.0,48469.0
560000,483125.0,76875.0
240000,247044.0,7044.0
235000,210428.0,24572.0
1129912,1138539.0,8627.0
629500,760124.0,130624.0
885000,883680.0,1320.0
420000,289306.0,130694.0
160000,279441.0,119441.0
481203,481862.0,659.0
340500,528423.0,187923.0
300000,295706.0,4294.0
290000,389119.0,99119.0
835000,790145.0,44855.0
253000,274360.0,21360.0
515000,544163.0,29163.0
304950,274199.0,30751.0
640000,726944.0,86944.0
255000,243347.0,11653.0
1129912,1182341.0,52429.0
487000,477079.0,9921.0
535000,465450.0,69550.0
550000,612784.0,62784.0
417200,409859.0,7341.0
318400,315177.0,3223.0
460000,515465.0,55465.0
825000,918763.0,93763.0
245000,243872.0,1128.0
410000,426930.0,16930.0
643002,552593.0,90409.0
325000,342064.0,17064.0
340000,419835.0,79835.0
925000,826327.0,98673.0
542500,550102.0,7602.0
775000,790533.0,15533.0
660000,662795.0,2795.0
624500,714991.0,90491.0
257000,292946.0,35946.0
305000,308235.0,3235.0
267000,245089.0,21911.0
464000,334166.0,129834.0
500000,496707.0,3293.0
1042030,1094296.0,52266.0
443500,523347.0,79847.0
739375,767775.0,28400.0
675000,660512.0,14488.0
874950,423079.0,451871.0
280000,362197.0,82197.0
359950,383283.0,23333.0
245000,204141.0,40859.0
648475,808206.0,159731.0
219500,202783.0,16717.0
241000,199661.0,41339.0
362000,353574.0,8426.0
562000,669195.0,107195.0
453000,451113.0,1887.0
646000,661435.0,15435.0
229000,242592.0,13592.0
970000,350101.0,619899.0
857500,846985.0,10515.0
380600,359183.0,21417.0
327000,295705.0,31295.0
310000,328871.0,18871.0
223000,267052.0,44052.0
530000,482224.0,47776.0
325000,309732.0,15268.0
450000,444090.0,5910.0
445000,433892.0,11108.0
383000,376094.0,6906.0
547000,479836.0,67164.0
304000,308498.0,4498.0
1028950,959962.0,68988.0
430000,390777.0,39223.0
645000,634805.0,10195.0
349170,322257.0,26913.0
252700,236453.0,16247.0
410000,415930.0,5930.0
749950,847584.0,97634.0
335000,264452.0,70548.0
957000,964752.0,7752.0
575000,526647.0,48353.0
701000,760569.0,59569.0
345000,346810.0,1810.0
775000,646071.0,128929.0
265000,266947.0,1947.0
545000,537565.0,7435.0
1129912,976262.0,153650.0
555000,542950.0,12050.0
400000,461793.0,61793.0
368250,536949.0,168699.0
700000,828949.0,128949.0
395000,343839.0,51161.0
355000,274575.0,80425.0
333000,429185.0,96185.0
270000,300343.0,30343.0
305000,288423.0,16577.0
1129912,1019968.0,109944.0
550000,589365.0,39365.0
960000,952784.0,7216.0
1129912,1108591.0,21321.0
390000,342161.0,47839.0
795000,809515.0,14515.0
375000,442975.0,67975.0
265000,286558.0,21558.0
933399,735916.0,197483.0
550000,513323.0,36677.0
1060000,855303.0,204697.0
870000,967765.0,97765.0
710000,655742.0,54258.0
475000,398964.0,76036.0
285900,234173.0,51727.0
137000,227416.0,90416.0
420000,382153.0,37847.0
599000,453155.0,145845.0
419000,466185.0,47185.0
847000,868938.0,21938.0
175000,209424.0,34424.0
512031,574221.0,62190.0
1129912,1167888.0,37976.0
214100,200647.0,13453.0
1050000,991270.0,58730.0
360000,359053.0,947.0
715000,629722.0,85278.0
575000,603836.0,28836.0
315000,398798.0,83798.0
435000,395952.0,39048.0
431500,445151.0,13651.0
900000,930359.0,30359.0
1129912,1035575.0,94337.0
345100,358303.0,13203.0
199950,251864.0,51914.0
353000,368983.0,15983.0
300000,295512.0,4488.0
179500,201969.0,22469.0
245000,296137.0,51137.0
521900,572583.0,50683.0
479000,421750.0,57250.0
628000,618302.0,9698.0
280000,283732.0,3732.0
220000,234676.0,14676.0
195000,234785.0,39785.0
185000,257363.0,72363.0
390000,335801.0,54199.0
500000,364724.0,135276.0
473000,389237.0,83763.0
345000,482575.0,137575.0
469900,422253.0,47647.0
230000,227787.0,2213.0
810000,820066.0,10066.0
815000,1005397.0,190397.0
360000,353709.0,6291.0
795000,939754.0,144754.0
650000,526699.0,123301.0
234999,198467.0,36532.0
190000,203014.0,13014.0
165000,224720.0,59720.0
648000,803524.0,155524.0
248000,229681.0,18319.0
353000,398544.0,45544.0
411500,523023.0,111523.0
544000,590643.0,46643.0
1000000,865218.0,134782.0
765000,790288.0,25288.0
359000,298181.0,60819.0
485500,512773.0,27273.0
951000,883839.0,67161.0
460000,453963.0,6037.0
566000,616028.0,50028.0
749000,735607.0,13393.0
431000,384414.0,46586.0
835000,754901.0,80099.0
543000,542839.0,161.0
280000,296166.0,16166.0
615000,634851.0,19851.0
550000,564280.0,14280.0
487250,557111.0,69861.0
440000,527870.0,87870.0
289000,270699.0,18301.0
275000,371966.0,96966.0
834800,771357.0,63443.0
740500,764281.0,23781.0
551000,561931.0,10931.0
279900,222417.0,57483.0
302000,294440.0,7560.0
353000,374147.0,21147.0
995000,946766.0,48234.0
815000,785613.0,29387.0
530000,522633.0,7367.0
430000,424534.0,5466.0
565000,601035.0,36035.0
299900,378549.0,78649.0
359900,365383.0,5483.0
629000,572825.0,56175.0
316000,320936.0,4936.0
735000,532705.0,202295.0
169950,220705.0,50755.0
250000,245664.0,4336.0
410000,443865.0,33865.0
290000,289135.0,865.0
799900,1030349.0,230449.0
222000,199965.0,22035.0
316500,326396.0,9896.0
331000,310785.0,20215.0
464500,447592.0,16908.0
437500,438528.0,1028.0
689950,718548.0,28598.0
600000,510688.0,89312.0
469500,406173.0,63327.0
716528,643333.0,73195.0
385000,395607.0,10607.0
210000,244357.0,34357.0
1129912,868357.0,261555.0
324950,243340.0,81610.0
525000,372646.0,152354.0
425000,423555.0,1445.0
765000,771879.0,6879.0
185000,319530.0,134530.0
327555,326931.0,624.0
425000,330434.0,94566.0
380000,391181.0,11181.0
403900,399607.0,4293.0
932800,940161.0,7361.0
239900,258700.0,18800.0
800000,646501.0,153499.0
350000,435437.0,85437.0
712500,718019.0,5519.0
619000,581358.0,37642.0
460000,440324.0,19676.0
495000,518291.0,23291.0
153500,216197.0,62697.0
509500,550133.0,40633.0
99000,154561.0,55561.0
711000,762354.0,51354.0
436000,403169.0,32831.0
569000,666692.0,97692.0
314000,360256.0,46256.0
245000,227776.0,17224.0
685000,791134.0,106134.0
365000,400056.0,35056.0
390000,414705.0,24705.0
221700,261675.0,39975.0
85000,195748.0,110748.0
580000,459306.0,120694.0
825000,825964.0,964.0
860000,755238.0,104762.0
800000,828997.0,28997.0
499950,483095.0,16855.0
475000,374117.0,100883.0
620000,562960.0,57040.0
745000,759215.0,14215.0
215000,210898.0,4102.0
455000,437763.0,17237.0
440000,405334.0,34666.0
1129912,986434.0,143478.0
1129912,1051289.0,78623.0
672800,681021.0,8221.0
310000,393750.0,83750.0
463000,520486.0,57486.0
525000,526390.0,1390.0
196000,212051.0,16051.0
360000,406097.0,46097.0
530000,568462.0,38462.0
534000,479738.0,54262.0
405000,410218.0,5218.0
358000,322991.0,35009.0
468500,466844.0,1656.0
287500,276398.0,11102.0
633000,728653.0,95653.0
499950,515229.0,15279.0
589000,635028.0,46028.0
299000,374018.0,75018.0
588000,613801.0,25801.0
712000,664348.0,47652.0
627500,718694.0,91194.0
199000,236138.0,37138.0
862500,1071488.0,208988.0
1129912,1127581.0,2331.0
1122500,1012257.0,110243.0
645000,690772.0,45772.0
425000,368889.0,56111.0
1129912,1165745.0,35833.0
1129912,1020814.0,109098.0
374950,303899.0,71051.0
302500,292367.0,10133.0
460000,507313.0,47313.0
468000,464670.0,3330.0
323000,317636.0,5364.0
475000,414412.0,60588.0
265000,390623.0,125623.0
275000,336032.0,61032.0
875000,705487.0,169513.0
540000,588511.0,48511.0
109000,198341.0,89341.0
645000,666302.0,21302.0
450000,897576.0,447576.0
625000,613753.0,11247.0
195000,200709.0,5709.0
725000,624706.0,100294.0
232000,208697.0,23303.0
500000,447201.0,52799.0
349950,332701.0,17249.0
450000,479356.0,29356.0
677000,704428.0,27428.0
447000,462054.0,15054.0
452000,452368.0,368.0
1129912,1178162.0,48250.0
575000,501510.0,73490.0
300000,299506.0,494.0
1129912,1149289.0,19377.0
368000,435317.0,67317.0
476500,436166.0,40334.0
199950,211898.0,11948.0
1129912,1164790.0,34878.0
717500,599757.0,117743.0
355000,263999.0,91001.0
256000,226393.0,29607.0
921500,798800.0,122700.0
370000,503357.0,133357.0
350500,464199.0,113699.0
185000,200806.0,15806.0
554000,558358.0,4358.0
619000,708225.0,89225.0
522500,481436.0,41064.0
335000,345987.0,10987.0
550000,828984.0,278984.0
674000,819297.0,145297.0
475000,482951.0,7951.0
379900,361830.0,18070.0
785000,765160.0,19840.0
280000,280674.0,674.0
295000,508095.0,213095.0
1129912,1047690.0,82222.0
350000,417954.0,67954.0
350000,613755.0,263755.0
410000,517677.0,107677.0
429900,369109.0,60791.0
360000,375940.0,15940.0
700000,725480.0,25480.0
423000,437525.0,14525.0
1129912,1092851.0,37061.0
550000,601717.0,51717.0
375000,362558.0,12442.0
330000,360076.0,30076.0
546000,686973.0,140973.0
299000,320083.0,21083.0
420550,335750.0,84800.0
306000,400482.0,94482.0
477000,523240.0,46240.0
330675,389359.0,58684.0
409500,477935.0,68435.0
485000,545370.0,60370.0
350000,326558.0,23442.0
480000,519343.0,39343.0
450000,541728.0,91728.0
752500,617385.0,135115.0
847000,640377.0,206623.0
440000,368180.0,71820.0
459000,450814.0,8186.0
439000,464992.0,25992.0
194000,319904.0,125904.0
310000,341004.0,31004.0
350000,391555.0,41555.0
607000,583126.0,23874.0
380000,366665.0,13335.0
399950,395754.0,4196.0
499000,613126.0,114126.0
1129912,1141169.0,11257.0
615000,574621.0,40379.0
429000,531095.0,102095.0
1129912,1105133.0,24779.0
390000,432585.0,42585.0
860000,841003.0,18997.0
395000,403489.0,8489.0
465000,427672.0,37328.0
744000,738633.0,5367.0
480000,452416.0,27584.0
566950,538868.0,28082.0
718500,827579.0,109079.0
352000,284067.0,67933.0
695000,713269.0,18269.0
908800,866035.0,42765.0
316000,464679.0,148679.0
445000,370301.0,74699.0
379500,506712.0,127212.0
747000,553980.0,193020.0
415000,494134.0,79134.0
499950,474911.0,25039.0
701000,666105.0,34895.0
301000,402868.0,101868.0
655500,609840.0,45660.0
405000,386066.0,18934.0
462600,544157.0,81557.0
645000,567931.0,77069.0
615750,686797.0,71047.0
610750,560829.0,49921.0
225500,277972.0,52472.0
307500,296158.0,11342.0
475000,486465.0,11465.0
1030000,1016410.0,13590.0
341000,319852.0,21148.0
540000,636053.0,96053.0
715000,675501.0,39499.0
448500,439984.0,8516.0
352000,287568.0,64432.0
430000,395260.0,34740.0
175000,267923.0,92923.0
355000,327402.0,27598.0
600000,562076.0,37924.0
729953,709239.0,20714.0
461550,440767.0,20783.0
824000,928558.0,104558.0
270000,276741.0,6741.0
173250,252674.0,79424.0
675000,703946.0,28946.0
612000,605017.0,6983.0
260000,244458.0,15542.0
635000,606341.0,28659.0
254950,269226.0,14276.0
290000,314095.0,24095.0
355000,302072.0,52928.0
679900,772215.0,92315.0
207000,248658.0,41658.0
880000,831190.0,48810.0
282500,346511.0,64011.0
590000,473205.0,116795.0
272000,273915.0,1915.0
275000,249007.0,25993.0
419190,455352.0,36162.0
900000,904546.0,4546.0
570000,637028.0,67028.0
211000,251038.0,40038.0
425500,417409.0,8091.0
407500,398998.0,8502.0
550000,517773.0,32227.0
318000,355814.0,37814.0
474000,411629.0,62371.0
599999,691457.0,91458.0
665000,513788.0,151212.0
678940,734684.0,55744.0
425000,459427.0,34427.0
390000,466021.0,76021.0
599950,543196.0,56754.0
541800,465940.0,75860.0
500000,563195.0,63195.0
319500,364319.0,44819.0
380000,382735.0,2735.0
560000,723642.0,163642.0
940000,991029.0,51029.0
700000,789532.0,89532.0
385000,433946.0,48946.0
718000,769654.0,51654.0
352500,391460.0,38960.0
562000,542050.0,19950.0
1129912,1113305.0,16607.0
272000,263128.0,8872.0
315000,319477.0,4477.0
715000,738803.0,23803.0
533600,537321.0,3721.0
427200,374928.0,52272.0
630000,746111.0,116111.0
447500,435802.0,11698.0
347950,348072.0,122.0
312000,293865.0,18135.0
345000,297363.0,47637.0
700000,963594.0,263594.0
319950,372251.0,52301.0
265950,272399.0,6449.0
405000,530245.0,125245.0
1129912,1206862.0,76950.0
530000,513681.0,16319.0
1129912,1051048.0,78864.0
328000,326424.0,1576.0
489000,521545.0,32545.0
542000,578226.0,36226.0
220000,240720.0,20720.0
479000,458079.0,20921.0
540000,525300.0,14700.0
802500,595455.0,207045.0
411000,402976.0,8024.0
509250,478079.0,31171.0
278000,622167.0,344167.0
535000,395497.0,139503.0
220000,211512.0,8488.0
471000,558193.0,87193.0
675000,691619.0,16619.0
762500,714967.0,47533.0
560000,549793.0,10207.0
1129912,1083986.0,45926.0
594000,677566.0,83566.0
860000,973181.0,113181.0
420000,379551.0,40449.0
384400,416166.0,31766.0
565000,547442.0,17558.0
372000,414515.0,42515.0
1129912,1024464.0,105448.0
645000,667356.0,22356.0
463000,466621.0,3621.0
199000,241853.0,42853.0
606000,541333.0,64667.0
496000,604108.0,108108.0
342000,358498.0,16498.0
1065000,824133.0,240867.0
523500,501936.0,21564.0
530000,360113.0,169887.0
760000,838342.0,78342.0
1129912,1058597.0,71315.0
1129912,988458.0,141454.0
314000,373541.0,59541.0
130000,489256.0,359256.0
1129912,1141169.0,11257.0
490000,433572.0,56428.0
718000,536012.0,181988.0
589000,615972.0,26972.0
353500,385229.0,31729.0
255000,238721.0,16279.0
455000,462793.0,7793.0
1129912,1191382.0,61470.0
650000,712621.0,62621.0
265000,248691.0,16309.0
558000,486189.0,71811.0
220000,223269.0,3269.0
175000,236062.0,61062.0
601000,641586.0,40586.0
675000,806357.0,131357.0
405000,425892.0,20892.0
719950,669989.0,49961.0
399500,363376.0,36124.0
642000,565301.0,76699.0
335000,343686.0,8686.0
190000,214536.0,24536.0
359950,324098.0,35852.0
160000,243688.0,83688.0
1050000,925448.0,124552.0
289950,273919.0,16031.0
1129912,1033778.0,96134.0
204700,258317.0,53617.0
753000,766390.0,13390.0
654000,706104.0,52104.0
340000,368306.0,28306.0
810000,883011.0,73011.0
449000,459208.0,10208.0
205000,175111.0,29889.0
375000,360747.0,14253.0
740000,737705.0,2295.0
225000,247695.0,22695.0
189000,218455.0,29455.0
550000,500597.0,49403.0
539000,339550.0,199450.0
450000,427348.0,22652.0
439000,378380.0,60620.0
896000,829279.0,66721.0
358000,358773.0,773.0
224500,224463.0,37.0
527000,506714.0,20286.0
1129912,892647.0,237265.0
469950,468675.0,1275.0
635000,597613.0,37387.0
565000,707250.0,142250.0
265000,276673.0,11673.0
337500,249802.0,87698.0
485000,503390.0,18390.0
1088000,1031039.0,56961.0
200000,271486.0,71486.0
460000,340183.0,119817.0
1129912,951552.0,178360.0
206000,199625.0,6375.0
930000,960872.0,30872.0
480000,396880.0,83120.0
235000,246588.0,11588.0
300000,361919.0,61919.0
445000,429485.0,15515.0
520000,504538.0,15462.0
235000,272856.0,37856.0
218250,211128.0,7122.0
394475,354914.0,39561.0
585000,633874.0,48874.0
490000,477021.0,12979.0
467000,488727.0,21727.0
456000,456735.0,735.0
287000,353912.0,66912.0
1000000,932224.0,67776.0
592500,614682.0,22182.0
588000,602340.0,14340.0
732350,718097.0,14253.0
418000,500021.0,82021.0
365000,370000.0,5000.0
1129912,1049671.0,80241.0
259000,289067.0,30067.0
435000,403552.0,31448.0
429950,457484.0,27534.0
549950,565169.0,15219.0
1000000,938454.0,61546.0
654950,641610.0,13340.0
210000,291744.0,81744.0
447000,460161.0,13161.0
610000,529643.0,80357.0
439000,437095.0,1905.0
295000,323603.0,28603.0
485000,460016.0,24984.0
275000,369800.0,94800.0
425000,466948.0,41948.0
309780,313977.0,4197.0
1129912,1104317.0,25595.0
315000,304024.0,10976.0
700000,780990.0,80990.0
518000,558347.0,40347.0
463000,446614.0,16386.0
710000,691220.0,18780.0
544000,602059.0,58059.0
456150,448127.0,8023.0
618000,491508.0,126492.0
490000,553123.0,63123.0
311000,369278.0,58278.0
1085000,919745.0,165255.0
812500,908532.0,96032.0
226750,206624.0,20126.0
779000,751953.0,27047.0
705000,603709.0,101291.0
850000,994911.0,144911.0
1129912,910571.0,219341.0
500000,617867.0,117867.0
465000,494942.0,29942.0
398750,510140.0,111390.0
275000,307909.0,32909.0
559000,505340.0,53660.0
306000,303581.0,2419.0
328000,369077.0,41077.0
193000,217807.0,24807.0
1129912,1074525.0,55387.0
525000,567045.0,42045.0
361000,547608.0,186608.0
150000,272286.0,122286.0
241450,323445.0,81995.0
1129912,1122366.0,7546.0
267000,294493.0,27493.0
865000,764631.0,100369.0
549000,424679.0,124321.0
740000,1040545.0,300545.0
354950,335735.0,19215.0
659950,630254.0,29696.0
800000,732866.0,67134.0
570000,574328.0,4328.0
169575,200705.0,31130.0
629000,549006.0,79994.0
268000,226498.0,41502.0
307700,288792.0,18908.0
610000,592504.0,17496.0
305000,355705.0,50705.0
550000,614652.0,64652.0
305000,298793.0,6207.0
676101,731915.0,55814.0
425000,559571.0,134571.0
265000,239146.0,25854.0
253000,237637.0,15363.0
302100,213772.0,88328.0
500000,406003.0,93997.0
776000,747677.0,28323.0
549000,492209.0,56791.0
430000,576393.0,146393.0
872000,868045.0,3955.0
750000,689985.0,60015.0
152000,224049.0,72049.0
825000,793314.0,31686.0
580000,539622.0,40378.0
778000,803134.0,25134.0
449950,432457.0,17493.0
900000,811415.0,88585.0
484259,516343.0,32084.0
180000,302559.0,122559.0
199900,237873.0,37973.0
315000,332272.0,17272.0
397500,455376.0,57876.0
600000,674398.0,74398.0
405000,357922.0,47078.0
210000,219121.0,9121.0
470000,496997.0,26997.0
755000,882118.0,127118.0
565000,786511.0,221511.0
495000,541522.0,46522.0
402000,535943.0,133943.0
350000,480193.0,130193.0
719000,668374.0,50626.0
507500,497833.0,9667.0
810000,791060.0,18940.0
850000,809554.0,40446.0
545000,587760.0,42760.0
400000,381613.0,18387.0
